[
  {
    "Tag": "SP_Viral",
    "Title": "تسبیح اور جلسے میں نماز پڑھنے پر افتخاراحمد کا وزیراعظم عمران خان پر طنز",
    "icon": "https://img.youtube.com/vi/_kCsoHgYkbY/hqdefault.jpg",
    "link": {
      "Youtube": "_kCsoHgYkbY"
    }
  },
  {
    "Tag": "SP_Viral",
    "Title": "نواز شریف کا جھاکا کھل چکا ہے، انہیں اب بے عزتی سے فرق نہیں پڑتا، نوازشریف",
    "icon": "https://img.youtube.com/vi/AVzRsg-nHrM/hqdefault.jpg",
    "link": {
      "Youtube": "AVzRsg-nHrM"
    }
  },
  {
    "Tag": "SP_Viral",
    "Title": "نوازشریف کو سزا سنانیوالے جج ارشد ملک انتقال کرگئے",
    "icon": "https://img.youtube.com/vi/dWlN7aJHwbU/hqdefault.jpg",
    "link": {
      "Youtube": "dWlN7aJHwbU"
    }
  },
  {
    "Tag": "SP_Viral",
    "Title": "عمران خان ہمت کر کے مجھے اور عامر متین کو انٹرویو دیں ۔ رؤف کلاسرا کا چیلنج",
    "icon": "https://img.youtube.com/vi/dQU8M6y7BL4/hqdefault.jpg",
    "link": {
      "Youtube": "dQU8M6y7BL4"
    }
  },
  {
    "Tag": "SP_Viral",
    "Title": "BBC, a nursery for the supporters of anti-state elements in our media...",
    "icon": "https://img.youtube.com/vi/bsKvrQbfyAo/hqdefault.jpg",
    "link": {
      "Youtube": "bsKvrQbfyAo"
    }
  },
  {
    "Tag": "SP_Viral",
    "Title": "اڑئیاں نے قانون دیاں دھجیاں وکیلاں نے ، عمر شیح ورگے وی گئے نس نے",
    "icon": "https://img.youtube.com/vi/EANY-KVFxWI/hqdefault.jpg",
    "link": {
      "Youtube": "EANY-KVFxWI"
    }
  },
  {
    "Tag": "SP_Viral",
    "Title": "عمران خان چرس پیتا ہے اور نوجوانوں کو بھی اس پر لگا دیا،جمشید دستی",
    "icon": "https://img.youtube.com/vi/Vr6l2bfD6ys/hqdefault.jpg",
    "link": {
      "Youtube": "Vr6l2bfD6ys"
    }
  },
  {
    "Tag": "SP_Viral",
    "Title": "‏فوج کے خلاف بیانیے کی گانٹھیں دانتوں سے کھولنی پڑیں گی،شیخ رشید",
    "icon": "https://img.youtube.com/vi/A_xoe8Kjdsk/hqdefault.jpg",
    "link": {
      "Youtube": "A_xoe8Kjdsk"
    }
  },
  {
    "Tag": "SP_Viral",
    "Title": "ملاقات کا ٹرانسکرپٹ پبلک کیا جائے، پتا چلے میں نے کیا باتیں کی،محمد زبیر",
    "icon": "https://img.youtube.com/vi/QWpndUZPgRQ/hqdefault.jpg",
    "link": {
      "Youtube": "QWpndUZPgRQ"
    }
  },
  {
    "Tag": "SP_Viral",
    "Title": "Why Imran Khan troubles Modi's Indian Establishment? A Good Analysis!",
    "icon": "https://img.youtube.com/vi/q8D_LJnolN4/hqdefault.jpg",
    "link": {
      "Youtube": "q8D_LJnolN4"
    }
  },
  {
    "Tag": "SP_Viral",
    "Title": "عمران اپنے ساتھیوں کے دکھ میں شریک نہیں ہوتے مخالفین کے دکھ میں کیا ہوں گے",
    "icon": "https://img.youtube.com/vi/LQQuNTTobG4/hqdefault.jpg",
    "link": {
      "Youtube": "LQQuNTTobG4"
    }
  },
  {
    "Tag": "SP_Viral",
    "Title": "حکومت قومی و صوبائی اسمبلیوں میں معذور افراد کے لیے نشستیں رکھے",
    "icon": "https://img.youtube.com/vi/Hq9-a9Ma2rs/hqdefault.jpg",
    "link": {
      "Youtube": "Hq9-a9Ma2rs"
    }
  },
  {
    "Tag": "SP_Viral",
    "Title": "ٹاپ ٹین کرپٹ ترین اداروں کی فہرست جاری",
    "icon": "https://img.youtube.com/vi/SIFEgRm-yEo/hqdefault.jpg",
    "link": {
      "Youtube": "SIFEgRm-yEo"
    }
  },
  {
    "Tag": "SP_Viral",
    "Title": "Fake Claims about Pervaiz Elahi, Maryam & Shehbaz Sharif Meeting | S. Jaan",
    "icon": "https://img.youtube.com/vi/uJ43mZLuoh4/hqdefault.jpg",
    "link": {
      "Youtube": "uJ43mZLuoh4"
    }
  },
  {
    "Tag": "SP_Viral",
    "Title": "ہم نہیں فوج نیب قوانین میں تبدیلی چاہتی تھی ۔ مفتاح اسماعیل",
    "icon": "https://www.dailymotion.com/thumbnail/video/x7xv8qh",
    "link": {
      "DailyMotion": "x7xv8qh"
    }
  },
  {
    "Tag": "SP_Viral",
    "Title": "پرول ختم، شہباز شریف جیل روانہ، اپنے ساتھ کتابیں بھی لے گئے",
    "icon": "https://img.youtube.com/vi/j9nW8Cgzr58/hqdefault.jpg",
    "link": {
      "Youtube": "j9nW8Cgzr58"
    }
  },
  {
    "Tag": "SP_Viral",
    "Title": "ہمیں پی ڈی ایم جلسے کیلیے بلایا تھا یا آصفہ کی لانچنگ کیلیے۔مریم کا شکوہ",
    "icon": "https://img.youtube.com/vi/txVSFBCf_fE/hqdefault.jpg",
    "link": {
      "Youtube": "txVSFBCf_fE"
    }
  },
  {
    "Tag": "SP_Viral",
    "Title": "Former ISI Chief hitting out at Imran Khan on BBC...",
    "icon": "https://img.youtube.com/vi/ryGSCNXRUZE/hqdefault.jpg",
    "link": {
      "Youtube": "ryGSCNXRUZE"
    }
  },
  {
    "Tag": "SP_Viral",
    "Title": "Shahzaib Khanzada tries to defend Ishaq Dar with an angle",
    "icon": "https://img.youtube.com/vi/asCmdJXef3I/hqdefault.jpg",
    "link": {
      "Youtube": "asCmdJXef3I"
    }
  },
  {
    "Tag": "SP_Viral",
    "Title": "Nervous Ahsan Iqbal talks about Ishaq Dar's Interview with Hard talk",
    "icon": "https://img.youtube.com/vi/vdm5sguUVvk/hqdefault.jpg",
    "link": {
      "Youtube": "vdm5sguUVvk"
    }
  },
  {
    "Tag": "SP_Viral",
    "Title": "عامر متین نے نواز شریف سے انٹرویو مانگا تو مریم نواز نے کیا شرائط رکھیں؟",
    "icon": "https://img.youtube.com/vi/_PddoaSoDqw/hqdefault.jpg",
    "link": {
      "Youtube": "_PddoaSoDqw"
    }
  },
  {
    "Tag": "SP_Viral",
    "Title": "Prime Minister Imran Khan Addressing the Special Session of UNGA",
    "icon": "https://img.youtube.com/vi/Vpm44b2Tetk/hqdefault.jpg",
    "link": {
      "Youtube": "Vpm44b2Tetk"
    }
  },
  {
    "Tag": "SP_Viral",
    "Title": "انہیں عوام نےایوانوں میں نہیں بھیجا انہیں لایا گیا،شاہد خاقان عباسی",
    "icon": "https://img.youtube.com/vi/21u0owqIBF0/hqdefault.jpg",
    "link": {
      "Youtube": "21u0owqIBF0"
    }
  },
  {
    "Tag": "SP_Viral",
    "Title": "سعید غنی کے نون لیگ پر اُلٹے فائر",
    "icon": "https://img.youtube.com/vi/jVgDkr91QpE/hqdefault.jpg",
    "link": {
      "Youtube": "jVgDkr91QpE"
    }
  },
  {
    "Tag": "SP_Viral",
    "Title": "Hamid Mir is upset because Pakistani media is showing Ishaq Dar's interview",
    "icon": "https://img.youtube.com/vi/b4w-m6QV6xw/hqdefault.jpg",
    "link": {
      "Youtube": "b4w-m6QV6xw"
    }
  },
  {
    "Tag": "SP_Viral",
    "Title": "اسحاق ڈار کے انٹرویو پر عمران خان کے بعد سب سے زیادہ خوش شہباز شریف ہوں گے",
    "icon": "https://img.youtube.com/vi/orWxh0s1EkY/hqdefault.jpg",
    "link": {
      "Youtube": "orWxh0s1EkY"
    }
  },
  {
    "Tag": "SP_Viral",
    "Title": "ماشاءاللہ ! چہرہ دیکھیں ! چہرے پے نوردیکھیں حلال کا فرق صاف ظاھر ہے",
    "icon": "https://img.youtube.com/vi/OzbrDv1y3pw/hqdefault.jpg",
    "link": {
      "Youtube": "OzbrDv1y3pw"
    }
  },
  {
    "Tag": "SP_Viral",
    "Title": "Three More Exciting News for Pakistan Imran Khan To Address Nation Tomorrow",
    "icon": "https://img.youtube.com/vi/6_Ze_aTPHo4/hqdefault.jpg",
    "link": {
      "Youtube": "6_Ze_aTPHo4"
    }
  },
  {
    "Tag": "SP_Viral",
    "Title": "رضا ربّانی ایک سوال کا جواب دیں اور اسٹیل مل لے لیں",
    "icon": "https://img.youtube.com/vi/ssYeL_75FcI/hqdefault.jpg",
    "link": {
      "Youtube": "ssYeL_75FcI"
    }
  },
  {
    "Tag": "SP_Viral",
    "Title": "حکومت میرے بچوں کی جائیداد پرقبضہ کرکےدکھائے:ڈار کا جاوید چودھری کو انٹرویو",
    "icon": "https://img.youtube.com/vi/JkZASHWdRls/hqdefault.jpg",
    "link": {
      "Youtube": "JkZASHWdRls"
    }
  },
  {
    "Tag": "SP_Viral",
    "Title": "New Mobile factory in Pakistan & 7% Increase in exports",
    "icon": "https://img.youtube.com/vi/7FgfLk2KYDI/hqdefault.jpg",
    "link": {
      "Youtube": "7FgfLk2KYDI"
    }
  },
  {
    "Tag": "SP_Viral",
    "Title": "PM IK will himself make public Pakistan Citizen Portal 2 year performance",
    "icon": "https://img.youtube.com/vi/oSKnDy9ZEck/hqdefault.jpg",
    "link": {
      "Youtube": "oSKnDy9ZEck"
    }
  },
  {
    "Tag": "SP_Viral",
    "Title": "نیب نے رانا ثناء اللہ کی گرفتاری کیلئے وارنٹ جاری کر دیے",
    "icon": "https://img.youtube.com/vi/-bmWIWSbSrw/hqdefault.jpg",
    "link": {
      "Youtube": "-bmWIWSbSrw"
    }
  },
  {
    "Tag": "SP_Viral",
    "Title": "!!!عربوں نے اسرائیل کو تسلیم کر لیا پاکستان بھی کر لے",
    "icon": "https://img.youtube.com/vi/Pw9s0Ya0hY4/hqdefault.jpg",
    "link": {
      "Youtube": "Pw9s0Ya0hY4"
    }
  },
  {
    "Tag": "SP_Viral",
    "Title": "سندھ جو فنڈ جاتا ہے چوس لیا جاتا ہے،سپریم کورٹ کا بلین ٹری سونامی پر نوٹس",
    "icon": "https://img.youtube.com/vi/5FGut6iBpc8/hqdefault.jpg",
    "link": {
      "Youtube": "5FGut6iBpc8"
    }
  },
  {
    "Tag": "SP_Viral",
    "Title": "Shah Mehmood Qureshi Address to OIC ambassadors",
    "icon": "https://img.youtube.com/vi/lbeKGv3g_TQ/hqdefault.jpg",
    "link": {
      "Youtube": "lbeKGv3g_TQ"
    }
  },
  {
    "Tag": "SP_Viral",
    "Title": "Long march will get started in January - Ahsan Iqbal",
    "icon": "https://img.youtube.com/vi/oCrb7JCaxmY/hqdefault.jpg",
    "link": {
      "Youtube": "oCrb7JCaxmY"
    }
  },
  {
    "Tag": "SP_Viral",
    "Title": "عمران خان 11 دن کے اندر اندر استعفیٰ دیں، ورنہ۔۔۔ ، مریم اورنگزیب",
    "icon": "https://img.youtube.com/vi/WXYom_4R0DA/hqdefault.jpg",
    "link": {
      "Youtube": "WXYom_4R0DA"
    }
  },
  {
    "Tag": "SP_Viral",
    "Title": "پرویز الٰہی کی شہباز شریف سے تعزیت کے لیے ماڈل ٹاؤن امد",
    "icon": "https://img.youtube.com/vi/SE1TVe0Zulc/hqdefault.jpg",
    "link": {
      "Youtube": "SE1TVe0Zulc"
    }
  },
  {
    "Tag": "SP_Viral",
    "Title": "SoftTalk with Nurse Naseem...",
    "icon": "https://img.youtube.com/vi/mut2Lg06A1g/hqdefault.jpg",
    "link": {
      "Youtube": "mut2Lg06A1g"
    }
  },
  {
    "Tag": "SP_Viral",
    "Title": "عمران خان کی ٹیم کے اراکین نے تل ابیب(اسرائیل) کا خفیہ دورہ کیا: ڈاکٹر شاہد",
    "icon": "https://img.youtube.com/vi/MVJHtkKJo9A/hqdefault.jpg",
    "link": {
      "Youtube": "MVJHtkKJo9A"
    }
  },
  {
    "Tag": "SP_Viral",
    "Title": "PM Imran Khan to address the UN General Assembly special session tonight.",
    "icon": "https://img.youtube.com/vi/aeDgplH7zEY/hqdefault.jpg",
    "link": {
      "Youtube": "aeDgplH7zEY"
    }
  },
  {
    "Tag": "SP_Viral",
    "Title": "ہماری ڈنڈا بردار فورس ساتھ ہو گی کسی میں جرات نہیں ہمارا جلسہ روکے",
    "icon": "https://img.youtube.com/vi/TFC6cJWG1pc/hqdefault.jpg",
    "link": {
      "Youtube": "TFC6cJWG1pc"
    }
  },
  {
    "Tag": "SP_Viral",
    "Title": "ڈار کے تین جھوٹ، کیا واقعی برطانیہ نے نوازشریف کے ویزا میں توسیع کردی؟",
    "icon": "https://img.youtube.com/vi/4Ip9b9SWG_k/hqdefault.jpg",
    "link": {
      "Youtube": "4Ip9b9SWG_k"
    }
  },
  {
    "Tag": "SP_Viral",
    "Title": "ن لیگ قوم کو بتا رہی ہے ملک ہمارے باپ کا ہے اور عوام ہماری نوکر- فیصل واوڈا",
    "icon": "https://www.dailymotion.com/thumbnail/video/x7xuiv2",
    "link": {
      "DailyMotion": "x7xuiv2"
    }
  },
  {
    "Tag": "SP_Viral",
    "Title": "لاہور دنیا کے آلودہ ترین شہروں میں سرفہرست",
    "icon": "https://img.youtube.com/vi/YgSy-y5VOgM/hqdefault.jpg",
    "link": {
      "Youtube": "YgSy-y5VOgM"
    }
  },
  {
    "Tag": "SP_Viral",
    "Title": "ہمارے زخموں پر مرہم رکھیں، راستہ دیں - خواجہ آصف",
    "icon": "https://img.youtube.com/vi/P_Gnexe38Hs/hqdefault.jpg",
    "link": {
      "DailyMotion": "x7xuce3",
      "Youtube": "P_Gnexe38Hs"
    }
  },
  {
    "Tag": "SP_Viral",
    "Title": "شہباز شریف نے جیل انتظامیہ سے اپنی مرضی کا فزیوتھراپسٹ مانگ لیا",
    "icon": "https://img.youtube.com/vi/Y2L-0GQeUoc/hqdefault.jpg",
    "link": {
      "Youtube": "Y2L-0GQeUoc"
    }
  },
  {
    "Tag": "SP_Viral",
    "Title": "نوازشریف 4 مرتبہ اشتہاری کیسے قرار دئیے گئے؟",
    "icon": "https://img.youtube.com/vi/krcWaQodG2c/hqdefault.jpg",
    "link": {
      "Youtube": "krcWaQodG2c"
    }
  },
  {
    "Tag": "SP_Viral",
    "Title": "Nasir Butt's alleged fraud, The victim came forward",
    "icon": "https://img.youtube.com/vi/ZzPl3rKpl3I/hqdefault.jpg",
    "link": {
      "DailyMotion": "x7xuf8b",
      "Youtube": "ZzPl3rKpl3I"
    }
  },
  {
    "Tag": "SP_Viral",
    "Title": "زبیر عمر، تمہیں ندامت ہونی چاہیے، دنیا کے سامنے تمہارا لیڈر ایکسپوز ہو گیا",
    "icon": "https://img.youtube.com/vi/0-wX0PuwqB4/hqdefault.jpg",
    "link": {
      "Youtube": "0-wX0PuwqB4"
    }
  },
  {
    "Tag": "SP_Viral",
    "Title": "ڈار کا انٹرویو دکھانا ثواب بن گیا ہے - پرویز رشید",
    "icon": "https://img.youtube.com/vi/zKA_-Y-gxrs/hqdefault.jpg",
    "link": {
      "Youtube": "zKA_-Y-gxrs"
    }
  },
  {
    "Tag": "SP_Viral",
    "Title": "ISHAQ DAR - BBC Interview IN PUNJABI",
    "icon": "https://img.youtube.com/vi/M6pvddt3voU/hqdefault.jpg",
    "link": {
      "Youtube": "M6pvddt3voU",
      "Facebook": "856414288437509"
    }
  },
  {
    "Tag": "SP_Viral",
    "Title": "Begging Bowls of Imran Khan vs those of Sharif Mafia!!!",
    "icon": "https://img.youtube.com/vi/OxlNeR1_FeE/hqdefault.jpg",
    "link": {
      "Youtube": "OxlNeR1_FeE"
    }
  },
  {
    "Tag": "SP_Viral",
    "Title": "پٹرول بحران کا ذمہ دار کون؟ یہ رپورٹ وزیراعظم کو پیش",
    "icon": "https://img.youtube.com/vi/3GZbsiqJzDk/hqdefault.jpg",
    "link": {
      "Youtube": "3GZbsiqJzDk"
    }
  },
  {
    "Tag": "SP_Viral",
    "Title": "PMLN is furious with Ishaq Dar's Interview with Hard Talk - Ch Ghulam",
    "icon": "https://img.youtube.com/vi/lRzvT9mJEBE/hqdefault.jpg",
    "link": {
      "DailyMotion": "x7xub97",
      "Youtube": "lRzvT9mJEBE"
    }
  },
  {
    "Tag": "SP_Viral",
    "Title": "عمران خان 13 دسمبر کو جو آپکے ساتھ ہونے والا ہے آپ سوچیں گے کہ۔۔ مریم",
    "icon": "https://img.youtube.com/vi/kHrG07HEm8U/hqdefault.jpg",
    "link": {
      "Youtube": "kHrG07HEm8U"
    }
  },
  {
    "Tag": "SP_Viral",
    "Title": "PM Imran Khan to address UNGA special session tonight",
    "icon": "https://img.youtube.com/vi/aeDgplH7zEY/hqdefault.jpg",
    "link": {
      "Youtube": "aeDgplH7zEY"
    }
  },
  {
    "Tag": "SP_Viral",
    "Title": "Ma Nawaz Sharif ka Boht Bara Supporter Ta Lakin Ab Ma Usko Nahi Choro Ga",
    "icon": "https://img.youtube.com/vi/uoqeiiXl3wM/hqdefault.jpg",
    "link": {
      "Youtube": "uoqeiiXl3wM"
    }
  },
  {
    "Tag": "SP_Viral",
    "Title": "ترکی اور چین نے پاکستان کو زبردست ہتھیار دے دیئے ,بھارت پریشان:اینکر عمران",
    "icon": "https://img.youtube.com/vi/ePemHzJQtvo/hqdefault.jpg",
    "link": {
      "Youtube": "ePemHzJQtvo"
    }
  },
  {
    "Tag": "SP_Viral",
    "Title": "Nawaz Sharif will not come back to Pk until Imran Khan is PM - NS's Friend",
    "icon": "https://img.youtube.com/vi/FZa398TyWd4/hqdefault.jpg",
    "link": {
      "Youtube": "FZa398TyWd4"
    }
  },
  {
    "Tag": "SP_Viral",
    "Title": "بھارت کے کسی بھی ایڈوینچر کا پہلے کی طرح جواب دیا جائے گا - آئی ایس پی آر",
    "icon": "https://img.youtube.com/vi/oIMPpW1iP5k/hqdefault.jpg",
    "link": {
      "Youtube": "oIMPpW1iP5k"
    }
  },
  {
    "Tag": "SP_Viral",
    "Title": "بندے کو بے شرم ہونا چاہیے - فواد چودھری کا اسحاق ڈار کے انٹرویو پر تبصرہ",
    "icon": "https://img.youtube.com/vi/oKAz3dyi1EY/hqdefault.jpg",
    "link": {
      "DailyMotion": "x7xtifi",
      "Youtube": "oKAz3dyi1EY"
    }
  },
  {
    "Tag": "SP_Viral",
    "Title": "پاکستان کی بڈھی ناکارہ اونٹنیاں اور نو زائدہ چوزیاں",
    "icon": "http://www.siasat.pkb'/forums/threads/%D9%BE%D8%A7%DA%A9%D8%B3%D8%AA%D8%A7%D9%86-%DA%A9%DB%8C-%D8%A8%DA%88%DA%BE%DB%8C-%D9%86%D8%A7%DA%A9%D8%A7%D8%B1%DB%81-%D8%A7%D9%88%D9%86%D9%B9%D9%86%DB%8C%D8%A7%DA%BA-%D8%A7%D9%88%D8%B1-%D9%86%D9%88-%D8%B2%D8%A7%D8%A6%D8%AF%DB%81-%DA%86%D9%88%D8%B2%DB%8C%D8%A7%DA%BA.772984/preview'",
    "link": {
      "Facebook": "3747236938640722"
    }
  },
  {
    "Tag": "SP_Viral",
    "Title": "Maybe you noticed or not, Mr. Sackur was under pressure after 10 mins-Ishaq",
    "icon": "https://img.youtube.com/vi/8lj2Rv4L9wM/hqdefault.jpg",
    "link": {
      "Youtube": "8lj2Rv4L9wM"
    }
  },
  {
    "Tag": "SP_Viral",
    "Title": "خواجہ آصف نے منتیں ترلے شروع کردیے ہیں۔ رؤف کلاسرا",
    "icon": "https://img.youtube.com/vi/tBe4yoTiMTw/hqdefault.jpg",
    "link": {
      "Youtube": "tBe4yoTiMTw"
    }
  },
  {
    "Tag": "SP_Viral",
    "Title": "نواز شریف کے لیے سیاسی یا اخلاقی سے زیادہ یہ بے عزتی کا مسئلہ ہے۔ عامر متین",
    "icon": "https://img.youtube.com/vi/XRITBIMBfDU/hqdefault.jpg",
    "link": {
      "Youtube": "XRITBIMBfDU"
    }
  },
  {
    "Tag": "SP_Viral",
    "Title": "Ishaq Dar after Hard Talk interview makes a come back on Youtube",
    "icon": "https://img.youtube.com/vi/8lj2Rv4L9wM/hqdefault.jpg",
    "link": {
      "Youtube": "8lj2Rv4L9wM"
    }
  },
  {
    "Tag": "SP_Viral",
    "Title": "اسحاق ڈار کے انٹرویو میں گھبرانے والی کوئی بات نہیں - شاہد خاقان عباسی",
    "icon": "https://img.youtube.com/vi/70iNMib-gYY/hqdefault.jpg",
    "link": {
      "Youtube": "70iNMib-gYY"
    }
  },
  {
    "Tag": "SP_Viral",
    "Title": "اسٹریس دیکھنا ہے تو کل اسحاق ڈار کی شکل دیکھ لیتے : وزیراعظم عمران خان",
    "icon": "https://img.youtube.com/vi/kdFSbBzV64k/hqdefault.jpg",
    "link": {
      "Youtube": "kdFSbBzV64k"
    }
  },
  {
    "Tag": "SP_Viral",
    "Title": "Why Pakistani Media now don't report Sugar is gone cheap?",
    "icon": "https://img.youtube.com/vi/4aKCRkiiFJQ/hqdefault.jpg",
    "link": {
      "Youtube": "4aKCRkiiFJQ"
    }
  },
  {
    "Tag": "SP_Viral",
    "Title": "حلفاً کہتا ہوں کہ نواز شریف نے کبھی کسی کی فیور کرنے کیلیے فون تک نہیں کیا",
    "icon": "https://img.youtube.com/vi/oeQgyKGApm0/hqdefault.jpg",
    "link": {
      "DailyMotion": "x7xuben",
      "Youtube": "oeQgyKGApm0"
    }
  },
  {
    "Tag": "SP_Viral",
    "Title": "نیا پاکستان ہاؤسنگ سکیم کے تحت بننے والا پہلا ماڈل گھر دیکھیں",
    "icon": "https://img.youtube.com/vi/L3qxLh4k7pA/hqdefault.jpg",
    "link": {
      "Youtube": "L3qxLh4k7pA"
    }
  },
  {
    "Tag": "SP_Viral",
    "Title": "کبھی عرش پر ،کبھی فرش پر ، کبھی ان کے در پر ، کبھی دربدر",
    "icon": "http://www.siasat.pkb''",
    "link": {
      "Facebook": "3747236938640722"
    }
  },
  {
    "Tag": "SP_Viral",
    "Title": "اپوزیشن کے پاس آخری چانس ہے ناکامی کی صورت میں پہلے سے بھی سخت احتساب ہو گا",
    "icon": "https://img.youtube.com/vi/0GsBncDjByU/hqdefault.jpg",
    "link": {
      "Youtube": "0GsBncDjByU"
    }
  },
  {
    "Tag": "SP_Viral",
    "Title": "پی ڈی ایم لاہور میں مینار پاکستان کی بجائے ٹیکسالی چوک پر میدان سجائے گی",
    "icon": "https://img.youtube.com/vi/ENKunarUhuw/hqdefault.jpg",
    "link": {
      "Youtube": "ENKunarUhuw"
    }
  },
  {
    "Tag": "SP_Viral",
    "Title": "وزیر اعظم عمران خان کا گلگت میں شاہی پروٹوکول",
    "icon": "https://img.youtube.com/vi/nk7MI6bpFRI/hqdefault.jpg",
    "link": {
      "Youtube": "nk7MI6bpFRI"
    }
  },
  {
    "Tag": "SP_Shows",
    "Title": "Rubaroo - 3rd December 2020 - Hakumat Aur Opposition Mein Mahaz Arai",
    "icon": "https://img.youtube.com/vi/DHwK8CDn_-M/hqdefault.jpg",
    "link": {
      "Youtube": "DHwK8CDn_-M"
    }
  },
  {
    "Tag": "SP_Shows",
    "Title": "Kal Tak with Javed Chaudhry - 3rd December 2020 - Coronavirus And Politics",
    "icon": "https://img.youtube.com/vi/X0T1xEbsziE/hqdefault.jpg",
    "link": {
      "Youtube": "X0T1xEbsziE"
    }
  },
  {
    "Tag": "SP_Shows",
    "Title": "Clash with Imran Khan - 3rd December 2020 - PDM Rallies, NAB Cases",
    "icon": "https://img.youtube.com/vi/-OFWfEw07yY/hqdefault.jpg",
    "link": {
      "Youtube": "-OFWfEw07yY"
    }
  },
  {
    "Tag": "SP_Shows",
    "Title": "Harf e Raaz - 3rd December 2020 - Russia Finally Reached Warm Water",
    "icon": "https://img.youtube.com/vi/QZBFllZ7laI/hqdefault.jpg",
    "link": {
      "Youtube": "QZBFllZ7laI"
    }
  },
  {
    "Tag": "SP_Shows",
    "Title": "Night Edition - 3rd December 2020 - PDM Want to Topple Govt",
    "icon": "https://img.youtube.com/vi/liUR8RoUKF4/hqdefault.jpg",
    "link": {
      "Youtube": "liUR8RoUKF4"
    }
  },
  {
    "Tag": "SP_Shows",
    "Title": "Barri Baat with Adil Shahzeb - 3rd December 2020 - Govt Vs Opposition",
    "icon": "https://img.youtube.com/vi/kI2gam99Usk/hqdefault.jpg",
    "link": {
      "Youtube": "kI2gam99Usk"
    }
  },
  {
    "Tag": "SP_Shows",
    "Title": "Tajzia with Sami Ibrahim - 3rd December 2020 - Second Wave of Coronavirus",
    "icon": "https://img.youtube.com/vi/RynuumKHDwg/hqdefault.jpg",
    "link": {
      "Youtube": "RynuumKHDwg"
    }
  },
  {
    "Tag": "SP_Shows",
    "Title": "Muqabil Public Kay Sath - 3rd December 2020 - Ishaq Dar Interview to BBC",
    "icon": "https://img.youtube.com/vi/BYLpr-0639w/hqdefault.jpg",
    "link": {
      "Youtube": "BYLpr-0639w"
    }
  },
  {
    "Tag": "SP_Shows",
    "Title": "Zuban-e-Khalq - 3rd December 2020 - Gas Load Shedding in Winters",
    "icon": "https://img.youtube.com/vi/9s70fEYhrFI/hqdefault.jpg",
    "link": {
      "Youtube": "9s70fEYhrFI"
    }
  },
  {
    "Tag": "SP_Shows",
    "Title": "Muqabil Public Kay Sath - 3rd December 2020 - Ishaq Dar Interview to BBC",
    "icon": "https://img.youtube.com/vi/BYLpr-0639w/hqdefault.jpg",
    "link": {
      "Youtube": "BYLpr-0639w"
    }
  },
  {
    "Tag": "SP_Shows",
    "Title": "Hard Talk Pakistan - 3rd December 2020 - Hakumat Aur Opposition Ki Larai",
    "icon": "https://img.youtube.com/vi/Pw_oxYaBuhM/hqdefault.jpg",
    "link": {
      "Youtube": "Pw_oxYaBuhM"
    }
  },
  {
    "Tag": "SP_Shows",
    "Title": "Nadeem Malik Live - 3rd December 2020 - Siasi Mahaz Arai",
    "icon": "https://img.youtube.com/vi/jcUIyz3ZUpA/hqdefault.jpg",
    "link": {
      "Youtube": "jcUIyz3ZUpA"
    }
  },
  {
    "Tag": "SP_Shows",
    "Title": "Live with Dr. Shahid Masood - 3rd December 2020 - First Step",
    "icon": "https://img.youtube.com/vi/_x8bPZwhKOg/hqdefault.jpg",
    "link": {
      "Youtube": "_x8bPZwhKOg"
    }
  },
  {
    "Tag": "SP_Shows",
    "Title": "Faisla Aap Ka - 3rd December 2020 - PDM Lahore Jalsa Kitna Ahem?",
    "icon": "https://img.youtube.com/vi/Ph2MAJzTMHc/hqdefault.jpg",
    "link": {
      "Youtube": "Ph2MAJzTMHc"
    }
  },
  {
    "Tag": "SP_Shows",
    "Title": "Center Stage With Rehman Azhar - 3rd Dec 2020 - Coronavirus And Politics",
    "icon": "https://img.youtube.com/vi/dzr_KTeMais/hqdefault.jpg",
    "link": {
      "Youtube": "dzr_KTeMais"
    }
  },
  {
    "Tag": "SP_Shows",
    "Title": "Khabr Garm Hai - 3rd December 2020 - Exclusive Talk With Muhammad Zubair",
    "icon": "https://img.youtube.com/vi/6o858dUYTGI/hqdefault.jpg",
    "link": {
      "Youtube": "6o858dUYTGI"
    }
  },
  {
    "Tag": "SP_Shows",
    "Title": "Khabar Hai -3rd Dec 2020 -Shahbaz Sharif Aur Maryam Nawaz Mein Aham Mulaqat",
    "icon": "https://img.youtube.com/vi/rS6hE6YO_SA/hqdefault.jpg",
    "link": {
      "Youtube": "rS6hE6YO_SA"
    }
  },
  {
    "Tag": "SP_Shows",
    "Title": "Pakistan Tonight - 3rd December 2020 - Second Wave of Coronavirus",
    "icon": "https://img.youtube.com/vi/AcjMdgHRTkg/hqdefault.jpg",
    "link": {
      "Youtube": "AcjMdgHRTkg"
    }
  },
  {
    "Tag": "SP_Shows",
    "Title": "Ho Kya Raha Hai - 3rd December 2020 - Govt Strategy About PDM",
    "icon": "https://img.youtube.com/vi/XWJSiISiRK4/hqdefault.jpg",
    "link": {
      "Youtube": "XWJSiISiRK4"
    }
  },
  {
    "Tag": "SP_Shows",
    "Title": "Night Edition - 2nd December 2020 - Gilgit Baltistan Issues",
    "icon": "https://img.youtube.com/vi/zW45hqvd_qQ/hqdefault.jpg",
    "link": {
      "Youtube": "zW45hqvd_qQ"
    }
  },
  {
    "Tag": "SP_Shows",
    "Title": "Capital Live with Aniqa Nisar - 2nd Dec 2020 - Ishaq Dar's Interview to BBC",
    "icon": "https://img.youtube.com/vi/6BIpI4TGh30/hqdefault.jpg",
    "link": {
      "Youtube": "6BIpI4TGh30"
    }
  },
  {
    "Tag": "SP_Shows",
    "Title": "Ab Pata Chala - 2nd December 2020 - Ishaq Dar's Interview",
    "icon": "https://img.youtube.com/vi/Nw17oOpVwko/hqdefault.jpg",
    "link": {
      "Youtube": "Nw17oOpVwko"
    }
  },
  {
    "Tag": "SP_Shows",
    "Title": "Tajzia with Sami Ibrahim - 2nd Dec 2020 - PM Imran Khan's Big Achievement",
    "icon": "https://img.youtube.com/vi/cMDCHx_AfZU/hqdefault.jpg",
    "link": {
      "Youtube": "cMDCHx_AfZU"
    }
  },
  {
    "Tag": "SP_Shows",
    "Title": "Spot Light with Munizae Jahangir - 2nd December 2020 - PDM's Upcoming Jalsa",
    "icon": "https://img.youtube.com/vi/xlvg9lur7PU/hqdefault.jpg",
    "link": {
      "Youtube": "xlvg9lur7PU"
    }
  },
  {
    "Tag": "SP_Shows",
    "Title": "Muqabil Public Kay Sath - 2nd December 2020 - PDM Jalsa, Other Issues",
    "icon": "https://img.youtube.com/vi/4HnaMSMFBJM/hqdefault.jpg",
    "link": {
      "Youtube": "4HnaMSMFBJM"
    }
  },
  {
    "Tag": "SP_Shows",
    "Title": "Harf e Raaz - 2nd December 2020 - End of Time, Jews' Perspective",
    "icon": "https://img.youtube.com/vi/HNiZ4lM1R1E/hqdefault.jpg",
    "link": {
      "Youtube": "HNiZ4lM1R1E"
    }
  },
  {
    "Tag": "SP_Shows",
    "Title": "Clash with Imran Khan - 2nd Dec 2020 -Chances of Nawaz Sharif's Deportation",
    "icon": "https://img.youtube.com/vi/REHL2DG23kM/hqdefault.jpg",
    "link": {
      "Youtube": "REHL2DG23kM"
    }
  },
  {
    "Tag": "SP_Shows",
    "Title": "Hard Talk Pakistan - 2nd December 2020 - Saudi Arabia, Israel Relation",
    "icon": "https://img.youtube.com/vi/dMHmJ2sGtt0/hqdefault.jpg",
    "link": {
      "Youtube": "dMHmJ2sGtt0"
    }
  },
  {
    "Tag": "SP_Shows",
    "Title": "Live with Dr. Shahid Masood - 2nd December 2020 - Dhakka Kis Ne Dia",
    "icon": "https://img.youtube.com/vi/S_5CrZcSBxE/hqdefault.jpg",
    "link": {
      "Youtube": "S_5CrZcSBxE"
    }
  },
  {
    "Tag": "SP_Shows",
    "Title": "Nasim Zehra @ 8 - 2nd December 2020-Why Ishaq Dar Confused During Interview",
    "icon": "https://img.youtube.com/vi/JSg0OTK1xHs/hqdefault.jpg",
    "link": {
      "Youtube": "JSg0OTK1xHs"
    }
  },
  {
    "Tag": "SP_Shows",
    "Title": "Faisla Aap Ka - 2nd December 2020 - Survey About Govt Performance",
    "icon": "https://img.youtube.com/vi/e5aX4dXcsNY/hqdefault.jpg",
    "link": {
      "Youtube": "e5aX4dXcsNY"
    }
  },
  {
    "Tag": "SP_Shows",
    "Title": "To The Point - 2nd December 2020 - Ishaq Dar's Interview to BBC",
    "icon": "https://img.youtube.com/vi/RjVMr2B1mWU/hqdefault.jpg",
    "link": {
      "Youtube": "RjVMr2B1mWU"
    }
  },
  {
    "Tag": "SP_Shows",
    "Title": "Pakistan Tonight - 2nd December 2020 - Ishaq Dar Interview to BBC",
    "icon": "https://img.youtube.com/vi/JqSBNf3czfc/hqdefault.jpg",
    "link": {
      "Youtube": "JqSBNf3czfc"
    }
  },
  {
    "Tag": "SP_Shows",
    "Title": "Nadeem Malik Live - 2nd December 2020 - How Will Govt Control Inflation",
    "icon": "https://img.youtube.com/vi/_o6CgUwEWAU/hqdefault.jpg",
    "link": {
      "Youtube": "_o6CgUwEWAU"
    }
  },
  {
    "Tag": "SP_Shows",
    "Title": "Ho Kya Raha Hai - 2nd December 2020 - Ishaq Dar Interview to BBC",
    "icon": "https://img.youtube.com/vi/cb9SWZSkrIo/hqdefault.jpg",
    "link": {
      "Youtube": "cb9SWZSkrIo"
    }
  },
  {
    "Tag": "SP_Shows",
    "Title": "Khabr Garm Hai - 2nd December 2020 - Hakumat Aur Opposition Ki Mahaz Arai",
    "icon": "https://img.youtube.com/vi/AVzRsg-nHrM/hqdefault.jpg",
    "link": {
      "Youtube": "AVzRsg-nHrM"
    }
  },
  {
    "Tag": "SP_Shows",
    "Title": "Seedhi Baat - 2nd December 2020 - PDM Lahore Jalsa, Ishaq Dar Interview",
    "icon": "https://img.youtube.com/vi/qRkDxcT1eG8/hqdefault.jpg",
    "link": {
      "Youtube": "qRkDxcT1eG8"
    }
  },
  {
    "Tag": "SP_Shows",
    "Title": "Express Experts - 2nd December 2020 - Ishaq Dar's Interview to BBC",
    "icon": "https://img.youtube.com/vi/Xx0WFskfwUs/hqdefault.jpg",
    "link": {
      "Youtube": "Xx0WFskfwUs"
    }
  },
  {
    "Tag": "SP_Shows",
    "Title": "Khabar Hai - 2nd December 2020 - Ishaq Dar Interview to BBC Hard Talk",
    "icon": "https://img.youtube.com/vi/3co6SIGpkHI/hqdefault.jpg",
    "link": {
      "Youtube": "3co6SIGpkHI"
    }
  },
  {
    "Tag": "SP_Shows",
    "Title": "Mehkma-e-Makholiat - 2nd Dec 2020 - Show By Aftab Iqbal's Daughter",
    "icon": "https://img.youtube.com/vi/PS3CZhl-22k/hqdefault.jpg",
    "link": {
      "Youtube": "PS3CZhl-22k"
    }
  },
  {
    "Tag": "SP_Shows",
    "Title": "Muqabil - 1st December 2020 - Ishaq Dar's Interview to BBC Hard Talk",
    "icon": "https://img.youtube.com/vi/nOioxwygqVY/hqdefault.jpg",
    "link": {
      "Youtube": "nOioxwygqVY"
    }
  },
  {
    "Tag": "SP_Shows",
    "Title": "Zara Hat Kay - 1st December 2020 - Aik Aur Mulzim Giraftar",
    "icon": "https://img.youtube.com/vi/BTpPAryAUyc/hqdefault.jpg",
    "link": {
      "Youtube": "BTpPAryAUyc"
    }
  },
  {
    "Tag": "SP_Shows",
    "Title": "Taron Sey Karen Batain - 1st December 2020 - Comedy Show",
    "icon": "https://img.youtube.com/vi/ajiuo5qG2Ww/hqdefault.jpg",
    "link": {
      "Youtube": "ajiuo5qG2Ww"
    }
  },
  {
    "Tag": "SP_Shows",
    "Title": "Night Edition - 1st December 2020-Lahore Jalsa Se Pehle Kaun Giraftar Hoga?",
    "icon": "https://img.youtube.com/vi/oiRf_ZEk0_g/hqdefault.jpg",
    "link": {
      "Youtube": "oiRf_ZEk0_g"
    }
  },
  {
    "Tag": "SP_Shows",
    "Title": "Barri Baat with Adil Shahzeb - 1st Dec 2020 - PDM Rallies & Govt's Strategy",
    "icon": "https://img.youtube.com/vi/BxCGsLeEZY8/hqdefault.jpg",
    "link": {
      "Youtube": "BxCGsLeEZY8"
    }
  },
  {
    "Tag": "SP_Shows",
    "Title": "News Eye - 1st December 2020 - Deadlock Between Govt & Oppostion",
    "icon": "https://img.youtube.com/vi/naVxkCsN3pA/hqdefault.jpg",
    "link": {
      "Youtube": "naVxkCsN3pA"
    }
  },
  {
    "Tag": "SP_Shows",
    "Title": "Clash with Imran Khan - 1st December 2020 - PDM Lahore Jalsa",
    "icon": "https://img.youtube.com/vi/mw9jKOZn5yk/hqdefault.jpg",
    "link": {
      "Youtube": "mw9jKOZn5yk"
    }
  },
  {
    "Tag": "SP_Shows",
    "Title": "Kal Tak with Javed Chaudhry - 1st December 2020 - PDM Ka Lahore Jalsa",
    "icon": "https://img.youtube.com/vi/Ny-2yoZfUjE/hqdefault.jpg",
    "link": {
      "Youtube": "Ny-2yoZfUjE"
    }
  },
  {
    "Tag": "SP_Shows",
    "Title": "Tajzia with Sami Ibrahim - 1st December 2020-Babar Awan Exclusive Interview",
    "icon": "https://img.youtube.com/vi/zjDh6vCmJkk/hqdefault.jpg",
    "link": {
      "Youtube": "zjDh6vCmJkk"
    }
  },
  {
    "Tag": "SP_Shows",
    "Title": "Hard Talk Pakistan - 1st December 2020 - PDM Rallies, Ishaq Dar Interview",
    "icon": "https://img.youtube.com/vi/SekE7hOq358/hqdefault.jpg",
    "link": {
      "Youtube": "SekE7hOq358"
    }
  },
  {
    "Tag": "SP_Shows",
    "Title": "Harf e Raaz - 1st December 2020 - Second Wave of Coronavirus",
    "icon": "https://img.youtube.com/vi/chMfElrGKYY/hqdefault.jpg",
    "link": {
      "Youtube": "chMfElrGKYY"
    }
  },
  {
    "Tag": "SP_Shows",
    "Title": "Spot Light - 1st December 2020 - Restrictions on Social Media",
    "icon": "https://img.youtube.com/vi/fex3DZ0_4KQ/hqdefault.jpg",
    "link": {
      "Youtube": "fex3DZ0_4KQ"
    }
  },
  {
    "Tag": "SP_Shows",
    "Title": "Capital Live - 1st December 2020 - Hakumat Aur Opposition Ki Mahaz Arai",
    "icon": "https://img.youtube.com/vi/flAGU9AnRB0/hqdefault.jpg",
    "link": {
      "Youtube": "flAGU9AnRB0"
    }
  },
  {
    "Tag": "SP_Shows",
    "Title": "Nadeem Malik Live - 1st December 2020 - Opposition Vs Govt And Corona",
    "icon": "https://img.youtube.com/vi/twUHRgnzhgk/hqdefault.jpg",
    "link": {
      "Youtube": "twUHRgnzhgk"
    }
  },
  {
    "Tag": "SP_Shows",
    "Title": "Live with Dr. Shahid Masood - 1st December 2020 - Agle Jalse Se Pehle?",
    "icon": "https://img.youtube.com/vi/jwBJ6A2xDIk/hqdefault.jpg",
    "link": {
      "Youtube": "jwBJ6A2xDIk"
    }
  },
  {
    "Tag": "SP_Shows",
    "Title": "To The Point - 1st December 2020 - Govt Vs Opposition, War of Narratives",
    "icon": "https://img.youtube.com/vi/VZCKt86Acv0/hqdefault.jpg",
    "link": {
      "Youtube": "VZCKt86Acv0"
    }
  },
  {
    "Tag": "SP_Shows",
    "Title": "Faisla Aap Ka - 1st December 2020 - Second Phase of PDM Rallies",
    "icon": "https://img.youtube.com/vi/FUJOkxvFaas/hqdefault.jpg",
    "link": {
      "Youtube": "FUJOkxvFaas"
    }
  },
  {
    "Tag": "SP_Shows",
    "Title": "Ho Kya Raha Hai - 1st December 2020 - PDM Multan Jalsa, Govt Failed",
    "icon": "https://img.youtube.com/vi/AoTfmbKKLIY/hqdefault.jpg",
    "link": {
      "Youtube": "AoTfmbKKLIY"
    }
  },
  {
    "Tag": "SP_Shows",
    "Title": "Pakistan Tonight - 1st December 2020 - PDM Rallies, Govt, Coronavirus",
    "icon": "https://img.youtube.com/vi/vo0VO_fiOnU/hqdefault.jpg",
    "link": {
      "Youtube": "vo0VO_fiOnU"
    }
  },
  {
    "Tag": "SP_Shows",
    "Title": "Khabar Hai - 1st December 2020 - NAB Again In Action",
    "icon": "https://img.youtube.com/vi/bOxtoHh7MsQ/hqdefault.jpg",
    "link": {
      "Youtube": "bOxtoHh7MsQ"
    }
  },
  {
    "Tag": "SP_Shows",
    "Title": "Khabr Garm Hai - 1st December 2020 - PDM Multan Jalsa, Other Issues",
    "icon": "https://img.youtube.com/vi/FVT0Zm_28z4/hqdefault.jpg",
    "link": {
      "Youtube": "FVT0Zm_28z4"
    }
  },
  {
    "Tag": "SP_Shows",
    "Title": "Express Experts - 1st December 2020 - Coronavirus And PDM Movement",
    "icon": "https://img.youtube.com/vi/DhHxxIVsFkY/hqdefault.jpg",
    "link": {
      "Youtube": "DhHxxIVsFkY"
    }
  },
  {
    "Tag": "SP_Shows",
    "Title": "Seedhi Baat - 1st December 2020 - PDM Jalsa Multan",
    "icon": "https://img.youtube.com/vi/iAChIDzzkDQ/hqdefault.jpg",
    "link": {
      "Youtube": "iAChIDzzkDQ"
    }
  },
  {
    "Tag": "SP_Shows",
    "Title": "Live with Dr. Shahid Masood - 28th November 2020 - Big Arrests Expected?",
    "icon": "https://img.youtube.com/vi/NvDfj0lSNUQ/hqdefault.jpg",
    "link": {
      "Youtube": "NvDfj0lSNUQ"
    }
  },
  {
    "Tag": "SP_Shows",
    "Title": "Hard Talk Pakistan - 30th November 2020 - PDM Jalsa in Multan",
    "icon": "https://img.youtube.com/vi/mNULkRZIDBw/hqdefault.jpg",
    "link": {
      "Youtube": "mNULkRZIDBw"
    }
  },
  {
    "Tag": "SP_Shows",
    "Title": "Nadeem Malik Live - 30th November 2020 - Maryam & Asifa's Speeches",
    "icon": "https://img.youtube.com/vi/B318t5XmlOs/hqdefault.jpg",
    "link": {
      "Youtube": "B318t5XmlOs"
    }
  },
  {
    "Tag": "SP_Shows",
    "Title": "Ab Pata Chala - 30th November 2020 - PDM Endangering Public Lives",
    "icon": "https://img.youtube.com/vi/qgEMJZ8jEEY/hqdefault.jpg",
    "link": {
      "Youtube": "qgEMJZ8jEEY"
    }
  },
  {
    "Tag": "SP_Shows",
    "Title": "Muqabil Public Kay Sath - 30th November 2020 - PDM Jalsa in Multan",
    "icon": "https://img.youtube.com/vi/8PtdH_kkR7o/hqdefault.jpg",
    "link": {
      "Youtube": "8PtdH_kkR7o"
    }
  },
  {
    "Tag": "SP_Shows",
    "Title": "Faisla Aap Ka - 26th November 2020 - PDM's Power Show in Multan",
    "icon": "https://img.youtube.com/vi/5Vd7C3mhRtY/hqdefault.jpg",
    "link": {
      "Youtube": "5Vd7C3mhRtY"
    }
  },
  {
    "Tag": "SP_Shows",
    "Title": "Live with Dr. Shahid Masood - 30th Nov 2020 - Increasing Political Tension",
    "icon": "https://img.youtube.com/vi/MVJHtkKJo9A/hqdefault.jpg",
    "link": {
      "Youtube": "MVJHtkKJo9A"
    }
  },
  {
    "Tag": "SP_Shows",
    "Title": "Nasim Zehra @ 8 - 30th November 2020 - Asifa Bhutto's Entry In Politics",
    "icon": "https://img.youtube.com/vi/DEjNz0w2n20/hqdefault.jpg",
    "link": {
      "Youtube": "DEjNz0w2n20"
    }
  },
  {
    "Tag": "SP_Shows",
    "Title": "Ho Kya Raha Hai - 30th November 2020 - PDM Power Show in Multan",
    "icon": "https://img.youtube.com/vi/eqG8bS7TNF4/hqdefault.jpg",
    "link": {
      "Youtube": "eqG8bS7TNF4"
    }
  },
  {
    "Tag": "SP_Shows",
    "Title": "Pakistan Tonight - 30th November 2020 - PDM Multan Jalsa",
    "icon": "https://img.youtube.com/vi/AWo8yc_-Jdk/hqdefault.jpg",
    "link": {
      "Youtube": "AWo8yc_-Jdk"
    }
  },
  {
    "Tag": "SP_Shows",
    "Title": "Khabr Garm Hai - 30th November 2020 - PDM's Power Show in Multan",
    "icon": "https://img.youtube.com/vi/cHJ35b4ELB0/hqdefault.jpg",
    "link": {
      "Youtube": "cHJ35b4ELB0"
    }
  },
  {
    "Tag": "SP_Shows",
    "Title": "Express Experts - 30th November 2020 - PDM's Historical Jalsa in Multan",
    "icon": "https://img.youtube.com/vi/Ye5E3EpG4FE/hqdefault.jpg",
    "link": {
      "Youtube": "Ye5E3EpG4FE"
    }
  },
  {
    "Tag": "SP_Shows",
    "Title": "Open Mic Cafe with Aftab Iqbal - 29th November 2020 - Episode 82",
    "icon": "https://img.youtube.com/vi/o-OGFfT_mGQ/hqdefault.jpg",
    "link": {
      "Youtube": "o-OGFfT_mGQ"
    }
  },
  {
    "Tag": "SP_Shows",
    "Title": "National Debate - 29th November 2020 - Old Tactics in New Pakistan",
    "icon": "https://img.youtube.com/vi/b_gekXpXhxA/hqdefault.jpg",
    "link": {
      "Youtube": "b_gekXpXhxA"
    }
  },
  {
    "Tag": "SP_Shows",
    "Title": "Live With Nasrullah Malik - 29th November 2020 - Multan PDM Jalsa",
    "icon": "https://img.youtube.com/vi/c378UufR86Q/hqdefault.jpg",
    "link": {
      "Youtube": "c378UufR86Q"
    }
  },
  {
    "Tag": "SP_Shows",
    "Title": "Dus - 15th November 2020 - Abdul Ghafoor Haideri Exclusive Interview",
    "icon": "https://img.youtube.com/vi/G-IPxQHcuIE/hqdefault.jpg",
    "link": {
      "Youtube": "G-IPxQHcuIE"
    }
  },
  {
    "Tag": "SP_Shows",
    "Title": "Newsline with Maria Zulfiqar - 29th November 2020 - PIA Employees Fired",
    "icon": "https://img.youtube.com/vi/64ZTTb2voJc/hqdefault.jpg",
    "link": {
      "Youtube": "64ZTTb2voJc"
    }
  },
  {
    "Tag": "SP_SC",
    "Title": "افغان کھلاڑی اور محمد عامر میں جھڑپ، دیکھیے اس پر شاہد آفریدی کی انٹری",
    "icon": "https://www.dailymotion.com/thumbnail/video/x7xsth9",
    "link": {
      "DailyMotion": "x7xsth9"
    }
  },
  {
    "Tag": "SP_SC",
    "Title": "دوسرا ون ڈے: کینگروز نے بھارتی سورماؤں کو دن میں تارے دکھا دیے",
    "icon": "https://img.youtube.com/vi/3d-6YanrbL4/hqdefault.jpg",
    "link": {
      "Youtube": "3d-6YanrbL4"
    }
  },
  {
    "Tag": "SP_SC",
    "Title": "New Zealand authorities ease some restrictions for Pakistani cricket squad",
    "icon": "https://img.youtube.com/vi/qV9avoguw_c/hqdefault.jpg",
    "link": {
      "Youtube": "qV9avoguw_c"
    }
  },
  {
    "Tag": "SP_SC",
    "Title": "Diego Maradona Legend Passes Away",
    "icon": "http://www.siasat.pkb''",
    "link": {
      "Youtube": "F3zYglofKyY"
    }
  },
  {
    "Tag": "SP_SC",
    "Title": "فٹبال کے عظیم کھلاڑی میراڈونا وفات پا گئے",
    "icon": "https://img.youtube.com/vi/F3zYglofKyY/hqdefault.jpg",
    "link": {
      "Youtube": "F3zYglofKyY"
    }
  },
  {
    "Tag": "SP_SC",
    "Title": "انگلینڈ کرکٹ بورڈ نے دورہ پاکستان کی تصدیق کر دی",
    "icon": "https://img.youtube.com/vi/yx7WBoKbMrs/hqdefault.jpg",
    "link": {
      "Youtube": "yx7WBoKbMrs"
    }
  },
  {
    "Tag": "SP_SC",
    "Title": "لاہور قلندرز پہلی بار فائنل میں ، فواد رانا خوشی سے نہال",
    "icon": "https://img.youtube.com/vi/1AIVJpa7GQU/hqdefault.jpg",
    "link": {
      "Youtube": "1AIVJpa7GQU"
    }
  },
  {
    "Tag": "SP_SC",
    "Title": "حارث رؤف نے شاہد آفریدی کو بولڈ کرکے ہاتھ جوڑ کر معافی کیوں مانگی؟",
    "icon": "https://www.dailymotion.com/thumbnail/video/x7xhwn5",
    "link": {
      "DailyMotion": "x7xhwn5"
    }
  },
  {
    "Tag": "SP_SC",
    "Title": "ملتان سلطانز کو شکست؛ لاہور قلندرز پہلی بار فائنل میں پہنچ گئی",
    "icon": "https://img.youtube.com/vi/k4fJYUqzXpE/hqdefault.jpg",
    "link": {
      "Youtube": "k4fJYUqzXpE"
    }
  },
  {
    "Tag": "SP_SC",
    "Title": "PCB Confirms Younis Khan As Batting Coach For Two Years",
    "icon": "https://img.youtube.com/vi/dgmyhDyAHSM/hqdefault.jpg",
    "link": {
      "Youtube": "dgmyhDyAHSM"
    }
  },
  {
    "Tag": "SP_SC",
    "Title": "Usman Qadir seems like an exceptional talent",
    "icon": "https://img.youtube.com/vi/CdcMsVhYoTQ/hqdefault.jpg",
    "link": {
      "Youtube": "CdcMsVhYoTQ"
    }
  },
  {
    "Tag": "SP_SC",
    "Title": "چیف سلیکٹر کا عہدہ جاتے ہی مصاح الحق سے گاڑی واپس لے لی گئی",
    "icon": "https://img.youtube.com/vi/p5ZEpTN7W_o/hqdefault.jpg",
    "link": {
      "Youtube": "p5ZEpTN7W_o"
    }
  },
  {
    "Tag": "SP_SC",
    "Title": "You must win fair and square...",
    "icon": "https://img.youtube.com/vi/2SzWEs3hT3I/hqdefault.jpg",
    "link": {
      "Youtube": "2SzWEs3hT3I"
    }
  },
  {
    "Tag": "SP_SC",
    "Title": "Azizi Talks About Khabib Nurmagomedov(حبیب نور محمّدوف)",
    "icon": "https://img.youtube.com/vi/rIA9OI-JCxE/hqdefault.jpg",
    "link": {
      "Youtube": "rIA9OI-JCxE"
    }
  },
  {
    "Tag": "SP_SC",
    "Title": "زمبابوے کیخلاف میچ میں پاکستان کو سپر اوور میں شکست ، ہائی لائیٹس",
    "icon": "https://img.youtube.com/vi/OFu7EbvqBLQ/hqdefault.jpg",
    "link": {
      "Youtube": "OFu7EbvqBLQ"
    }
  },
  {
    "Tag": "SP_SC",
    "Title": "بیوی کو سی ویو پر لا کر بہت بڑی غلطی کی: وسیم اکرم کی ویڈیو وائرل",
    "icon": "https://img.youtube.com/vi/BVvHaz5XXes/hqdefault.jpg",
    "link": {
      "Youtube": "BVvHaz5XXes"
    }
  },
  {
    "Tag": "SP_SC",
    "Title": "Pakistan vs Zimbabwe | Full Highlights | 2nd ODI 2020",
    "icon": "https://img.youtube.com/vi/BflRBuSAka4/hqdefault.jpg",
    "link": {
      "Youtube": "BflRBuSAka4"
    }
  },
  {
    "Tag": "SP_SC",
    "Title": "This Coach's amazing tribute to Khabib for being an extraordinary man",
    "icon": "https://img.youtube.com/vi/27jtR2BuvX0/hqdefault.jpg",
    "link": {
      "Youtube": "27jtR2BuvX0"
    }
  },
  {
    "Tag": "SP_SC",
    "Title": "Khabib mesmerizes the world!!!",
    "icon": "https://img.youtube.com/vi/wsmzgpq2W3c/hqdefault.jpg",
    "link": {
      "Youtube": "wsmzgpq2W3c"
    }
  },
  {
    "Tag": "SP_SC",
    "Title": "باقی زندگی آخرت کو ٹھیک کرنے کیلئے گزاروں گا - حبیب نور محمد",
    "icon": "https://www.dailymotion.com/thumbnail/video/x7x2pkp",
    "link": {
      "DailyMotion": "x7x2pkp"
    }
  },
  {
    "Tag": "SP_SC",
    "Title": "Khabib VS Gaithje - Khabib retires after emphatic win",
    "icon": "https://img.youtube.com/vi/05HuTGeF5AA/hqdefault.jpg",
    "link": {
      "DailyMotion": "x7x1joo",
      "Youtube": "05HuTGeF5AA"
    }
  },
  {
    "Tag": "SP_SC",
    "Title": "EMOTIONAL END OF KHABIB'S CAREER | UFC 254",
    "icon": "https://img.youtube.com/vi/P4YmQwNiPLw/hqdefault.jpg",
    "link": {
      "Youtube": "P4YmQwNiPLw"
    }
  },
  {
    "Tag": "SP_SC",
    "Title": "Khabib was fighting with Broken foot - UFC President Dana White",
    "icon": "https://img.youtube.com/vi/ojMpIPKElSw/hqdefault.jpg",
    "link": {
      "Youtube": "ojMpIPKElSw"
    }
  },
  {
    "Tag": "SP_SC",
    "Title": "Khabib: An unabashedly Muslim champion in an Islamophobic world",
    "icon": "http://www.siasat.pkb''",
    "link": {
      "DailyMotion": "x7x1joo",
      "Youtube": "05HuTGeF5AA"
    }
  },
  {
    "Tag": "SP_SC",
    "Title": "نیشنل ٹی 20 کپ میں محمد رضوان کا انتہائی شاندار کیچ",
    "icon": "https://img.youtube.com/vi/p0b-7e3jvb8/hqdefault.jpg",
    "link": {
      "Youtube": "p0b-7e3jvb8"
    }
  },
  {
    "Tag": "SP_SC",
    "Title": "Zimbabwe cricket team arrives in Pakistan for ODI, T20 series",
    "icon": "https://img.youtube.com/vi/5WZ70Z9Awwk/hqdefault.jpg",
    "link": {
      "Youtube": "5WZ70Z9Awwk"
    }
  },
  {
    "Tag": "SP_SC",
    "Title": "Khabib Nurmagomedov about him being ready for next week's fight",
    "icon": "https://img.youtube.com/vi/oS41rJa0YDg/hqdefault.jpg",
    "link": {
      "Youtube": "oS41rJa0YDg"
    }
  },
  {
    "Tag": "SP_SC",
    "Title": "Cristiano Ronaldo: Khabib Will Win Inshallah",
    "icon": "https://img.youtube.com/vi/SHFytJpmHXY/hqdefault.jpg",
    "link": {
      "Youtube": "SHFytJpmHXY"
    }
  },
  {
    "Tag": "SP_SC",
    "Title": "Mystery Spinner from KASHMIR AQIB LIAQAT",
    "icon": "https://img.youtube.com/vi/4kW8crBlHu0/hqdefault.jpg",
    "link": {
      "Youtube": "4kW8crBlHu0"
    }
  },
  {
    "Tag": "SP_SC",
    "Title": "Who is excited about Khabib fighting on 24th of October?",
    "icon": "https://img.youtube.com/vi/FVXVizVXUIQ/hqdefault.jpg",
    "link": {
      "Youtube": "FVXVizVXUIQ"
    }
  },
  {
    "Tag": "SP_SC",
    "Title": "Do you guys know this UFC fighter Khamzat Chimaev?",
    "icon": "https://img.youtube.com/vi/nbs6ZAxsJt0/hqdefault.jpg",
    "link": {
      "Youtube": "nbs6ZAxsJt0"
    }
  },
  {
    "Tag": "SP_SC",
    "Title": "Imran Khan's Match Winning 84 and 5 for 62 | 1st Test, Faisalabad",
    "icon": "https://img.youtube.com/vi/5PwxypsmtQ0/hqdefault.jpg",
    "link": {
      "Youtube": "5PwxypsmtQ0"
    }
  },
  {
    "Tag": "SP_SC",
    "Title": "Famous British Pakistani Boxer Amir Khan in a morning show",
    "icon": "https://img.youtube.com/vi/vq87aQaBT2w/hqdefault.jpg",
    "link": {
      "Youtube": "vq87aQaBT2w"
    }
  },
  {
    "Tag": "SP_SC",
    "Title": "Northern vs KPK | National T20 Cup 2020 (Sept 30th)...",
    "icon": "https://img.youtube.com/vi/WwfcJo56m4I/hqdefault.jpg",
    "link": {
      "Youtube": "WwfcJo56m4I"
    }
  },
  {
    "Tag": "SP_SC",
    "Title": "Is this the best ever save?",
    "icon": "https://www.dailymotion.com/thumbnail/video/x7whwih",
    "link": {
      "DailyMotion": "x7whwih"
    }
  },
  {
    "Tag": "SP_SC",
    "Title": "\"KHABIB 2.0\" Khamzat Chimaev is a monster...",
    "icon": "https://img.youtube.com/vi/BogjwKgVszs/hqdefault.jpg",
    "link": {
      "Youtube": "BogjwKgVszs"
    }
  },
  {
    "Tag": "SP_SC",
    "Title": "سرفراز احمد کی سورۃ فاتحہ کی تلاوت، ننھے بیٹے کی دعا، ویڈیو وائرل",
    "icon": "https://img.youtube.com/vi/hj1sLyzRS5w/hqdefault.jpg",
    "link": {
      "Youtube": "hj1sLyzRS5w"
    }
  },
  {
    "Tag": "SP_SC",
    "Title": "پاکستانی کرکٹ کا سیاہ دن ، نوجوان کرکٹرز مایوس",
    "icon": "https://img.youtube.com/vi/MjM4cUApwY4/hqdefault.jpg",
    "link": {
      "Youtube": "MjM4cUApwY4"
    }
  },
  {
    "Tag": "SP_SC",
    "Title": "Babar Azam scores stunning 114* from 62 balls for Somerset!",
    "icon": "https://img.youtube.com/vi/W1XJ8xK7-QQ/hqdefault.jpg",
    "link": {
      "Youtube": "W1XJ8xK7-QQ"
    }
  },
  {
    "Tag": "SP_SC",
    "Title": "Pak's largest Cricket Stadium is progressing well...",
    "icon": "https://img.youtube.com/vi/b7wAgHvPA-w/hqdefault.jpg",
    "link": {
      "Youtube": "b7wAgHvPA-w"
    }
  },
  {
    "Tag": "SP_SC",
    "Title": "A great way to cure Dead Pitches of Pakistan...",
    "icon": "https://img.youtube.com/vi/QvykST0ApGk/hqdefault.jpg",
    "link": {
      "Youtube": "QvykST0ApGk"
    }
  },
  {
    "Tag": "SP_SC",
    "Title": "Waseem khan & MD PTV | PCB and Ptv Contract {After 17 years Ptv get rights",
    "icon": "https://img.youtube.com/vi/R9C-elS1yV0/hqdefault.jpg",
    "link": {
      "Youtube": "R9C-elS1yV0"
    }
  },
  {
    "Tag": "SP_SC",
    "Title": "Iran executes pro-wrestler Navid Afkari",
    "icon": "https://img.youtube.com/vi/yt9kIzu31D0/hqdefault.jpg",
    "link": {
      "Youtube": "yt9kIzu31D0"
    }
  },
  {
    "Tag": "SP_SC",
    "Title": "Eoin Morgan A Great Example For World Cricket | Inzamam-ul-Haq",
    "icon": "https://img.youtube.com/vi/O15SEM_sGIM/hqdefault.jpg",
    "link": {
      "Youtube": "O15SEM_sGIM"
    }
  },
  {
    "Tag": "SP_SC",
    "Title": "Novak Djokovic Kicked out from US Open for hitting an old woman",
    "icon": "https://img.youtube.com/vi/Soq4RJk0tmI/hqdefault.jpg",
    "link": {
      "Youtube": "Soq4RJk0tmI"
    }
  },
  {
    "Tag": "SP_SC",
    "Title": "پشاور زلمی کے چیئرمین جاوید آفریدی کو ستارہ امتیاز ایوارڈ دے دیا گیا",
    "icon": "https://img.youtube.com/vi/hMxTpMTStOE/hqdefault.jpg",
    "link": {
      "Youtube": "hMxTpMTStOE"
    }
  },
  {
    "Tag": "SP_SC",
    "Title": "Messi confirms staying at Barcelona but rages at president",
    "icon": "https://img.youtube.com/vi/uyHi1FSuGkQ/hqdefault.jpg",
    "link": {
      "Youtube": "uyHi1FSuGkQ"
    }
  },
  {
    "Tag": "SP_SC",
    "Title": "پاکستان کی 7 سالہ فاطمہ نسیم نے بھارتی ریکارڈ توڑ دیا",
    "icon": "https://img.youtube.com/vi/1MCTM2Pk4wQ/hqdefault.jpg",
    "link": {
      "Youtube": "1MCTM2Pk4wQ"
    }
  },
  {
    "Tag": "SP_SC",
    "Title": "England v Pakistan 3rd IT20 | Final Ball Thriller - Highlights",
    "icon": "https://img.youtube.com/vi/xfc9b4MTFhk/hqdefault.jpg",
    "link": {
      "Youtube": "xfc9b4MTFhk"
    }
  },
  {
    "Tag": "SP_SC",
    "Title": "Cricket In Germany in Corona Time .",
    "icon": "https://img.youtube.com/vi/2fs8Vl3zrGA/hqdefault.jpg",
    "link": {
      "Youtube": "2fs8Vl3zrGA"
    }
  },
  {
    "Tag": "SP_SC",
    "Title": "Prime Minister Imran Khan's Exclusive Talk with Michael Atherton",
    "icon": "http://www.siasat.pkb'/forums/threads/prime-minister-imran-khans-exclusive-talk-with-michael-atherton.764364/preview'",
    "link": {
      "Facebook": "1726590567496738"
    }
  },
  {
    "Tag": "SP_SC",
    "Title": "دوسرا ٹی ٹوئنٹی : انگلینڈ نے پاکستان کو 5 وکٹوں سے شکست دے دی",
    "icon": "https://img.youtube.com/vi/vKAqfxC_eBw/hqdefault.jpg",
    "link": {
      "Youtube": "vKAqfxC_eBw"
    }
  },
  {
    "Tag": "SP_SC",
    "Title": "The Genius of Mohammad Yousuf - Inzamam gives special tribute",
    "icon": "https://img.youtube.com/vi/V2IfyQlDQWE/hqdefault.jpg",
    "link": {
      "Youtube": "V2IfyQlDQWE"
    }
  },
  {
    "Tag": "SP_SC",
    "Title": "NBA cancels all playoff games as players boycott to protest Jacob Blake sho",
    "icon": "http://www.siasat.pkb''",
    "link": {
      "Youtube": "r4yR3Orie2o"
    }
  },
  {
    "Tag": "SP_SC",
    "Title": "اظہر کی سینچری اور رضوان کی ففٹی بھی پاکستان کو مشکلات سے نہ نکال سکی",
    "icon": "https://img.youtube.com/vi/gQFg-zCSMzQ/hqdefault.jpg",
    "link": {
      "Youtube": "gQFg-zCSMzQ"
    }
  },
  {
    "Tag": "SP_SC",
    "Title": "Beautiful reply by Khabib",
    "icon": "https://img.youtube.com/vi/OOpKqPU8Xe4/hqdefault.jpg",
    "link": {
      "Youtube": "OOpKqPU8Xe4"
    }
  },
  {
    "Tag": "SP_SC",
    "Title": "Pak v Eng: James Anderson Takes 599th Test Wicket | Day 4 Highlights",
    "icon": "https://img.youtube.com/vi/bm1g8SXR3Tg/hqdefault.jpg",
    "link": {
      "Youtube": "bm1g8SXR3Tg"
    }
  },
  {
    "Tag": "SP_SC",
    "Title": "How Stylish was Zaheer Abbas?",
    "icon": "https://img.youtube.com/vi/Kjp_nhl8RCc/hqdefault.jpg",
    "link": {
      "Youtube": "Kjp_nhl8RCc"
    }
  },
  {
    "Tag": "SP_SC",
    "Title": "Ma sha Allah, what a champ!",
    "icon": "https://img.youtube.com/vi/2raBhcLSDkE/hqdefault.jpg",
    "link": {
      "Youtube": "2raBhcLSDkE"
    }
  },
  {
    "Tag": "SP_SC",
    "Title": "Pak v Eng: Crawley Scores Huge Double Ton & Buttler 152 - Day 2 Highlights",
    "icon": "https://img.youtube.com/vi/n8mahFeyRvg/hqdefault.jpg",
    "link": {
      "Youtube": "n8mahFeyRvg"
    }
  },
  {
    "Tag": "SP_SC",
    "Title": "Eng v Pak: Crawley Puts England on Top With Superb Maiden 100 *Highlights*",
    "icon": "https://img.youtube.com/vi/ETXFeETd2VE/hqdefault.jpg",
    "link": {
      "Youtube": "ETXFeETd2VE"
    }
  },
  {
    "Tag": "SP_SC",
    "Title": "Shaheen Makes Early Strike Before Rain | England v Pakistan 2nd Test Day 4",
    "icon": "https://img.youtube.com/vi/9fAYAiU6ijk/hqdefault.jpg",
    "link": {
      "Youtube": "9fAYAiU6ijk"
    }
  },
  {
    "Tag": "SP_SC",
    "Title": "بھارت کے کامیاب ترین کپتان مہندرا سنگھ دھونی نے ریٹائرمنٹ کا اعلان کر دیا",
    "icon": "https://img.youtube.com/vi/2-crSSbF8s4/hqdefault.jpg",
    "link": {
      "Youtube": "2-crSSbF8s4"
    }
  },
  {
    "Tag": "SP_SC",
    "Title": "!!!تجربہ کار کھلاڑی بار بار ناکام ہو رہے ہیں",
    "icon": "https://img.youtube.com/vi/wfyWeVpXmKQ/hqdefault.jpg",
    "link": {
      "Youtube": "wfyWeVpXmKQ"
    }
  },
  {
    "Tag": "SP_SC",
    "Title": "England v Pakistan - Rizwan Hits 50 To Frustrate Hosts - Day 2 Highlights",
    "icon": "https://img.youtube.com/vi/kpoVihx03PQ/hqdefault.jpg",
    "link": {
      "Youtube": "kpoVihx03PQ"
    }
  },
  {
    "Tag": "SP_SC",
    "Title": "Khabib's interview after his father passed away -looks broken up completely",
    "icon": "https://img.youtube.com/vi/M_B7GqVX-y0/hqdefault.jpg",
    "link": {
      "Youtube": "M_B7GqVX-y0"
    }
  }
]