[{"Tag": "ZEM_Viral", "Title": "No more corruption...", "icon": "http://www.zemtv.com/wp-content/uploads/zem2/1550151995.jpg", "link": {"Youtube": "7TffLtQJOR4"}}, {"Tag": "ZEM_Viral", "Title": "Saudi Arab Ne Visa Fees Main Kami Kardi...", "icon": "http://www.zemtv.com/wp-content/uploads/zem2/1550149452.jpg", "link": {"DailyMotion": "x72eb8l\" allowfullscreen><"}}, {"Tag": "ZEM_Viral", "Title": "Good And A Bad News For Malik Riaz...", "icon": "http://www.zemtv.com/wp-content/uploads/zem2/1550146755.jpg", "link": {"Youtube": "jmUH2PfnA3c"}}, {"Tag": "ZEM_Viral", "Title": "Saudi Arab Ne Pakistanio Ko Khushkhbari Sunadi...", "icon": "http://www.zemtv.com/wp-content/uploads/zem2/1550144387.jpg", "link": {"DailyMotion": "x72eb8l\" allowfullscreen><"}}, {"Tag": "ZEM_Viral", "Title": "Good News For Shahbaz Sharif From LHC...", "icon": "http://www.zemtv.com/wp-content/uploads/zem2/1550140069.jpg", "link": {"DailyMotion": "x72e8z3\" allowfullscreen><"}}, {"Tag": "ZEM_Viral", "Title": "Kala Bagh Dam Per Faisal Wada Kya Kar Rahe Hain ?...", "icon": "http://www.zemtv.com/wp-content/uploads/zem2/1550101160.jpg", "link": {"DailyMotion": "x72d9fa\" allowfullscreen><"}}, {"Tag": "ZEM_Viral", "Title": "گل پانڑہ نے ایسی ویڈیو جاری کر دی کہ دیکھنے و", "icon": "http://www.zemtv.com/wp-content/uploads/zem2/1550094831.jpg", "link": {"Youtube": "8nBOZ7QbZUE"}}, {"Tag": "ZEM_Viral", "Title": "7th Febuary Ko Cabinet Ke Ijlaas Me Shahbaz Sharif Se Mutalik Kia Ahem Faisla Hu", "icon": "http://www.zemtv.com/wp-content/uploads/zem2/1550090500.jpg", "link": {"DailyMotion": "x72dasv\" allowfullscreen><"}}, {"Tag": "ZEM_Viral", "Title": "Yeh Baat Manni Pare Gi Imran Khan Ne Bohat Mehnat Ki Hai : Arif Nizami...", "icon": "http://www.zemtv.com/wp-content/uploads/zem2/1550086401.jpg", "link": {"DailyMotion": "x72dc97\" allowfullscreen><"}}, {"Tag": "ZEM_Viral", "Title": "Imran Khan Ki EK Bari ATM Ko Ek Solar Ka Tarriff Dia Gaya Hai.. Rauf Klasra Give", "icon": "http://www.zemtv.com/wp-content/uploads/zem2/1550085550.jpg", "link": {"DailyMotion": "x72dasz\" allowfullscreen><"}}, {"Tag": "ZEM_Viral", "Title": "NAB Rawalpindi Decided To Ask Malik Riaz...", "icon": "http://www.zemtv.com/wp-content/uploads/zem2/1550067956.jpg", "link": {"DailyMotion": "x72conv\" allowfullscreen><"}}, {"Tag": "ZEM_Viral", "Title": "Initial Schedule Of Muhammad Bin Salman Visit Of Pakistan...", "icon": "http://www.zemtv.com/wp-content/uploads/zem2/1550062484.jpg", "link": {"DailyMotion": "x72cjy9\" allowfullscreen><"}}, {"Tag": "ZEM_Viral", "Title": "Is baar hum Zabardast band bajane wale hain – Faisal Vawda reply to oppost", "icon": "http://www.zemtv.com/wp-content/uploads/zem2/1550010005.jpg", "link": {"Youtube": "MMM8bMp-TQw"}}, {"Tag": "ZEM_Viral", "Title": "Muhammad Bin Salman Kitni Investement Karne Wale Hain ?...", "icon": "http://www.zemtv.com/wp-content/uploads/zem2/1550003140.jpg", "link": {"DailyMotion": "x72bara\" allowfullscreen><"}}, {"Tag": "ZEM_Viral", "Title": "Dollar Ab Kitne Ka Hone Wala Hai ??...", "icon": "http://www.zemtv.com/wp-content/uploads/zem2/1550000195.jpg", "link": {"DailyMotion": "x72b95z\" allowfullscreen><"}}, {"Tag": "ZEM_Viral", "Title": "Fahad Mustafa Just Insulted A Reporter...", "icon": "http://www.zemtv.com/wp-content/uploads/zem2/1549990764.jpg", "link": {"DailyMotion": "x72b3n3\" allowfullscreen><"}}, {"Tag": "ZEM_Viral", "Title": "Murad Saeed Ne Khushkhabri Sunadi...", "icon": "http://www.zemtv.com/wp-content/uploads/zem2/1549981280.jpg", "link": {"DailyMotion": "x729vsz\" allowfullscreen><"}}, {"Tag": "ZEM_Viral", "Title": "What Ranveer Singh Said About Rakhi Sawant?...", "icon": "http://www.zemtv.com/wp-content/uploads/zem2/1549980501.jpg", "link": {"Youtube": "cvJKj7jN-og"}}, {"Tag": "ZEM_Viral", "Title": "Crown Prince Mohammad Bin Salman to visit Pakistan...", "icon": "http://www.zemtv.com/wp-content/uploads/zem2/1549977671.JPG", "link": {"DailyMotion": "x72ar4y\" allowfullscreen><"}}, {"Tag": "ZEM_Viral", "Title": "Hearing Of Bahria Town Karachi Implementation Case In Supreme Court...", "icon": "http://www.zemtv.com/wp-content/uploads/zem2/1549973048.jpg", "link": {"DailyMotion": "x72am68\" allowfullscreen><"}}, {"Tag": "ZEM_Viral", "Title": "Mohammad Bin Salman Pakistan Se Kis Mulk Jaenge?...", "icon": "http://www.zemtv.com/wp-content/uploads/zem2/1549964509.jpg", "link": {"DailyMotion": "x72a76w\" allowfullscreen><"}}, {"Tag": "ZEM_Viral", "Title": "Asad Qaiser Ne Dhamki Dedi...", "icon": "http://www.zemtv.com/wp-content/uploads/zem2/1549963620.JPG", "link": {"DailyMotion": "x72a5zs\" allowfullscreen><"}}, {"Tag": "ZEM_Viral", "Title": "PM Imran Khan meets Commander-in-Chief of Islamic Alliance Raheel Sharif...", "icon": "http://www.zemtv.com/wp-content/uploads/zem2/1549962832.JPG", "link": {"DailyMotion": "x72a5en\" allowfullscreen><"}}, {"Tag": "ZEM_Viral", "Title": "عمران خان نے شیخ رشید کے لئے کیا کام کر دیا ؟", "icon": "http://www.zemtv.com/wp-content/uploads/zem2/1549963097.jpg", "link": {"Youtube": "9dV9UUQ37mc"}}, {"Tag": "ZEM_Viral", "Title": "Prime Minister Imran Khan Aaj Kia Karne Wale Hain ??...", "icon": "http://www.zemtv.com/wp-content/uploads/zem2/1549922790.jpg", "link": {"Youtube": "flhvfMDGcuQ"}}, {"Tag": "ZEM_Viral", "Title": "Sheikh Rasheed Ne Bara Ailaan Kardia...", "icon": "http://www.zemtv.com/wp-content/uploads/zem2/1549922176.jpg", "link": {"Youtube": "sWCenJD_vqk"}}, {"Tag": "ZEM_Viral", "Title": "Sarkari Haj Mehenga Kyun Hua ? Neo News Exclusive Report...", "icon": "http://www.zemtv.com/wp-content/uploads/zem2/1549918695.jpg", "link": {"DailyMotion": "x728zzy\" allowfullscreen><"}}, {"Tag": "ZEM_Viral", "Title": "میں نواز شریف کو این آر او دینے کے لئے تیار ہ�", "icon": "http://www.zemtv.com/wp-content/uploads/zem2/1549916104.jpg", "link": {"DailyMotion": "x728x93\" allowfullscreen><"}}, {"Tag": "ZEM_Viral", "Title": "Imran Khan Ne Kon Se 3 Bare Kaam Kar Diye Hain Jo Media Nahi Dikha Raha ??...", "icon": "http://www.zemtv.com/wp-content/uploads/zem2/1549914746.jpg", "link": {"DailyMotion": "x728vsd\" allowfullscreen><"}}, {"Tag": "ZEM_Viral", "Title": "Adalat Ne Babar Awan Ke Mutaliq Kiya Hukam Diya?...", "icon": "http://www.zemtv.com/wp-content/uploads/zem2/1549911255.jpg", "link": {"DailyMotion": "x728sos\" allowfullscreen><"}}, {"Tag": "ZEM_Viral", "Title": "Lebanese PM Saad Hariri Meets PM Imran Khan...", "icon": "http://www.zemtv.com/wp-content/uploads/zem2/1549910201.jpg", "link": {"DailyMotion": "x728ax7\" allowfullscreen><"}}, {"Tag": "ZEM_Viral", "Title": "Shoaib Akhtar Big Announcement...", "icon": "http://www.zemtv.com/wp-content/uploads/zem2/1549908238.jpg", "link": {"DailyMotion": "x728piu\" allowfullscreen><"}}, {"Tag": "ZEM_Viral", "Title": "Muhammad Bin Salman Ke Sath Kaun Pakistan Araha Hai?...", "icon": "http://www.zemtv.com/wp-content/uploads/zem2/1549909321.jpg", "link": {"DailyMotion": "x728oi9\" allowfullscreen><"}}, {"Tag": "ZEM_Viral", "Title": "Ex Gen Raheel Sharif Meets COAS Qamar Bajwa...", "icon": "http://www.zemtv.com/wp-content/uploads/zem2/1549903873.jpg", "link": {"DailyMotion": "x728k85\" allowfullscreen><"}}, {"Tag": "ZEM_Viral", "Title": "Exclusive Report On PM Imran Khan Foreign Visits...", "icon": "http://www.zemtv.com/wp-content/uploads/zem2/1549902880.jpg", "link": {"DailyMotion": "x728iy9\" allowfullscreen><"}}, {"Tag": "ZEM_Viral", "Title": "First Interview of Rizwan Razi After Being Released...", "icon": "http://www.zemtv.com/wp-content/uploads/zem2/1549899345.jpg", "link": {"Youtube": "Bw7Suj12BY8"}}, {"Tag": "ZEM_Viral", "Title": "Sonia Kahan Paunch Gayen?...", "icon": "http://www.zemtv.com/wp-content/uploads/zem2/1549895921.jpg", "link": {"DailyMotion": "x7284fn\" allowfullscreen><"}}, {"Tag": "ZEM_Viral", "Title": "Alamgir Khan Ne Ganda Pani CM House Ke Bahir Phenk Diya...", "icon": "http://www.zemtv.com/wp-content/uploads/zem2/1549893734.jpg", "link": {"DailyMotion": "x727y7h\" allowfullscreen><"}}, {"Tag": "ZEM_Viral", "Title": "Man, who revealed PTM’s Khaisor propaganda, killed...", "icon": "http://www.zemtv.com/wp-content/uploads/zem2/1549887867.jpg", "link": {"DailyMotion": "x727lwz\" allowfullscreen><"}}, {"Tag": "ZEM_Viral", "Title": "Shahbaz Sharif Ki Rukniyat Khatam...", "icon": "http://www.zemtv.com/wp-content/uploads/zem2/1549885019.jpg", "link": {"Youtube": "IK_CefJ2kdU"}}, {"Tag": "ZEM_Viral", "Title": "What Aleem Khan Decided Over His Arrest?...", "icon": "http://www.zemtv.com/wp-content/uploads/zem2/1549883959.jpg", "link": {"Youtube": "cJvvxALPXJw"}}, {"Tag": "ZEM_Shows", "Title": "Ho Kya Raha Hai ? – 14th February 2019...", "icon": "http://www.zemtv.com/wp-content/uploads/zem2/1550154744.jpg", "link": {"DailyMotion": "x72en8s\" allowfullscreen><"}}, {"Tag": "ZEM_Shows", "Title": "Replay – 14th February 2019...", "icon": "http://www.zemtv.com/wp-content/uploads/zem2/1550156514.jpg", "link": {"DailyMotion": "x72emz3\" allowfullscreen><"}}, {"Tag": "ZEM_Shows", "Title": "Defence Mattars – 14th February 2019 – Repeat...", "icon": "http://www.zemtv.com/wp-content/uploads/zem2/1550068847.jpg", "link": {"DailyMotion": "x72crq2\" allowfullscreen><"}}, {"Tag": "ZEM_Shows", "Title": "Federal Information Minister Fawad Chaudhry’s Press Conference – 13th Fe", "icon": "http://www.zemtv.com/wp-content/uploads/zem2/1550153585.jpg", "link": {"DailyMotion": "x72ekvu\" allowfullscreen><"}}, {"Tag": "ZEM_Shows", "Title": "Ikhtilaf-e-Raye With Iftikhar Kazmi – 13th February 2019...", "icon": "http://www.zemtv.com/wp-content/uploads/zem2/1550119942.jpg", "link": {"Youtube": "xQgyvPlXVTc"}}, {"Tag": "ZEM_Shows", "Title": "The Last Hour – 13th February 2019...", "icon": "http://www.zemtv.com/wp-content/uploads/zem2/1550084545.jpg", "link": {"Youtube": "s-co8HWfEgg"}}, {"Tag": "ZEM_Shows", "Title": "News Point – 13th February 2019...", "icon": "http://www.zemtv.com/wp-content/uploads/zem2/1550083746.jpg", "link": {"Youtube": "ypQjzuYifiI"}}, {"Tag": "ZEM_Shows", "Title": "Syasi Theater – 13th February 2019...", "icon": "http://www.zemtv.com/wp-content/uploads/zem2/1550082138.jpg", "link": {"Youtube": "Zgc2Cx8ETXo"}}, {"Tag": "ZEM_Shows", "Title": "NEO Special – 13th February 2019...", "icon": "http://www.zemtv.com/wp-content/uploads/zem2/1550082549.jpg", "link": {"Youtube": "Cl3msUlqM_s"}}, {"Tag": "ZEM_Shows", "Title": "Gar Tu Bura Na Mane – 13th February 2019...", "icon": "http://www.zemtv.com/wp-content/uploads/zem2/1550084049.jpg", "link": {"Youtube": "W2FwH7KjezM"}}, {"Tag": "ZEM_Shows", "Title": "Har Lamha Purjosh – 13th February 2019...", "icon": "http://www.zemtv.com/wp-content/uploads/zem2/1550083587.jpg", "link": {"DailyMotion": "x72dbtb\" allowfullscreen><"}}, {"Tag": "ZEM_Shows", "Title": "Power Play – 13th February 2019...", "icon": "http://www.zemtv.com/wp-content/uploads/zem2/1550078851.jpg", "link": {"DailyMotion": "x72d9ds\" allowfullscreen><"}}, {"Tag": "ZEM_Shows", "Title": "Taaro Se Karen Batain – 13th February 2019...", "icon": "http://www.zemtv.com/wp-content/uploads/zem2/1550081795.jpg", "link": {"DailyMotion": "x72db89\" allowfullscreen><"}}, {"Tag": "ZEM_Shows", "Title": "Khabarzar – 13th February 2019...", "icon": "http://www.zemtv.com/wp-content/uploads/zem2/1550082742.jpg", "link": {"DailyMotion": "x72db6h\" allowfullscreen><"}}, {"Tag": "ZEM_Shows", "Title": "DNA – 13th February 2019...", "icon": "http://www.zemtv.com/wp-content/uploads/zem2/1550078007.jpg", "link": {"Youtube": "kr-vGL0aqsU"}}, {"Tag": "ZEM_Shows", "Title": "Tabdeeli Ameer Abbas Ke Sath – 13th February 2019...", "icon": "http://www.zemtv.com/wp-content/uploads/zem2/1550070145.jpg", "link": {"Youtube": "vMpc7iQ22aA"}}, {"Tag": "ZEM_Shows", "Title": "2 Tok – 13th February 2019...", "icon": "http://www.zemtv.com/wp-content/uploads/zem2/1550079705.jpg", "link": {"Youtube": "In5f6tdPrVQ"}}, {"Tag": "ZEM_Shows", "Title": "Zara Hut Kay – 13th February 2019...", "icon": "http://www.zemtv.com/wp-content/uploads/zem2/1550081935.jpg", "link": {"DailyMotion": "x72davn\" allowfullscreen><"}}, {"Tag": "ZEM_Shows", "Title": "Khufia – 13th February 2019...", "icon": "http://www.zemtv.com/wp-content/uploads/zem2/1550082518.jpg", "link": {"DailyMotion": "x72davd\" allowfullscreen><"}}, {"Tag": "ZEM_Shows", "Title": "Aaj Ayesha Ehtesham Ke Saath – 13th February 2019...", "icon": "http://www.zemtv.com/wp-content/uploads/zem2/1550080711.jpg", "link": {"Youtube": "8LQPYti4AHk"}}, {"Tag": "ZEM_Shows", "Title": "Kal Tak With Javed Chaudhary – 13th February 2019...", "icon": "http://www.zemtv.com/wp-content/uploads/zem2/1550081133.jpg", "link": {"Youtube": "YX1uYqa7ATg"}}, {"Tag": "ZEM_Shows", "Title": "Ikhtilaf Rai – 13th February 2019...", "icon": "http://www.zemtv.com/wp-content/uploads/zem2/1550072118.jpg", "link": {"Youtube": "50ORoCGhUX8"}}, {"Tag": "ZEM_Shows", "Title": "City Buzz – 13th February 2019 (Repeat)...", "icon": "http://www.zemtv.com/wp-content/uploads/zem2/1549737121.jpg", "link": {"DailyMotion": "x724n9m\" allowfullscreen><"}}, {"Tag": "ZEM_Shows", "Title": "1 Man Show – 13th February 2019...", "icon": "http://www.zemtv.com/wp-content/uploads/zem2/1550082922.jpg", "link": {"DailyMotion": "x72da9w\" allowfullscreen><"}}, {"Tag": "ZEM_Shows", "Title": "Neo News Bulletin – 13th February 2019...", "icon": "http://www.zemtv.com/wp-content/uploads/zem2/1550081816.jpg", "link": {"Youtube": "tl5SLd_K4vs"}}, {"Tag": "ZEM_Shows", "Title": "Live With Moeed Pirzada – 13th February 2019...", "icon": "http://www.zemtv.com/wp-content/uploads/zem2/1550078357.jpg", "link": {"DailyMotion": "x72d92q\" allowfullscreen><"}}, {"Tag": "ZEM_Shows", "Title": "News Eye with Meher Abbasi – 13th February 2019...", "icon": "http://www.zemtv.com/wp-content/uploads/zem2/1550079316.jpg", "link": {"DailyMotion": "x72d90p\" allowfullscreen><"}}, {"Tag": "ZEM_Shows", "Title": "Muqabil – 13th February 2019...", "icon": "http://www.zemtv.com/wp-content/uploads/zem2/1550079390.jpg", "link": {"DailyMotion": "x72d8yf\" allowfullscreen><"}}, {"Tag": "ZEM_Shows", "Title": "Insight Pakistan With Ammara – 13th February 2019...", "icon": "http://www.zemtv.com/wp-content/uploads/zem2/1550080519.jpg", "link": {"DailyMotion": "x72d8wi\" allowfullscreen><"}}, {"Tag": "ZEM_Shows", "Title": "News Plus – 13th February 2019...", "icon": "http://www.zemtv.com/wp-content/uploads/zem2/1550080605.jpg", "link": {"DailyMotion": "x72d8r2\" allowfullscreen><"}}, {"Tag": "ZEM_Shows", "Title": "Aamne Saamne – 13th February 2019...", "icon": "http://www.zemtv.com/wp-content/uploads/zem2/1550080512.jpg", "link": {"DailyMotion": "x72d8m9\" allowfullscreen><"}}, {"Tag": "ZEM_Shows", "Title": "Spot Light – 13th February 2019...", "icon": "http://www.zemtv.com/wp-content/uploads/zem2/1550078688.jpg", "link": {"DailyMotion": "x72d8ky\" allowfullscreen><"}}, {"Tag": "ZEM_Shows", "Title": "Abbtak News 9pm Bulletin – 13th February 2019...", "icon": "http://www.zemtv.com/wp-content/uploads/zem2/1550078087.jpg", "link": {"DailyMotion": "x72d59i\" allowfullscreen><"}}, {"Tag": "ZEM_Shows", "Title": "Off The Record – 13th February 2019...", "icon": "http://www.zemtv.com/wp-content/uploads/zem2/1550070442.jpg", "link": {"DailyMotion": "x72cyfd\" allowfullscreen><"}}, {"Tag": "ZEM_Shows", "Title": "Cross Check With OT – 13th February 2019...", "icon": "http://www.zemtv.com/wp-content/uploads/zem2/1550070749.jpg", "link": {"Youtube": "MjSVPFB7Ud8"}}, {"Tag": "ZEM_Shows", "Title": "Takrar – 13th February 2019...", "icon": "http://www.zemtv.com/wp-content/uploads/zem2/1550074489.jpg", "link": {"Youtube": "X1yrSMrcMfQ"}}, {"Tag": "ZEM_Shows", "Title": "Harf e Raz with Orya Maqbol Jan – 13th February 2019...", "icon": "http://www.zemtv.com/wp-content/uploads/zem2/1550070997.jpg", "link": {"Youtube": "QHtcQniW980"}}, {"Tag": "ZEM_Shows", "Title": "Express Experts – 13th February 2019...", "icon": "http://www.zemtv.com/wp-content/uploads/zem2/1550069802.jpg", "link": {"Youtube": "AhynvLkN5sQ"}}, {"Tag": "ZEM_Shows", "Title": "Aap Special – 13th February 2019...", "icon": "http://www.zemtv.com/wp-content/uploads/zem2/1550074211.jpg", "link": {"DailyMotion": "x72cyip\" allowfullscreen><"}}, {"Tag": "ZEM_Shows", "Title": "[email protected] On 7 News – 13th February 2019...", "icon": "http://www.zemtv.com/wp-content/uploads/zem2/1550074261.jpg", "link": {"DailyMotion": "x72cyex\" allowfullscreen><"}}, {"Tag": "ZEM_Shows", "Title": "The Reporters – 13th February 2019...", "icon": "http://www.zemtv.com/wp-content/uploads/zem2/1550069272.jpg", "link": {"DailyMotion": "x72cts6\" allowfullscreen><"}}, {"Tag": "ZEM_Shows", "Title": "G For Gharida – 13th February 2019...", "icon": "http://www.zemtv.com/wp-content/uploads/zem2/1550070763.jpg", "link": {"DailyMotion": "x72cy9g\" allowfullscreen><"}}, {"Tag": "ZEM_Shows", "Title": "Sachi Baat – 13th February 2019...", "icon": "http://www.zemtv.com/wp-content/uploads/zem2/1550071965.jpg", "link": {"DailyMotion": "x72cy49\" allowfullscreen><"}}, {"Tag": "ZEM_Shows", "Title": "Tajzia Sami Ibrahim Kay Sath – 13th February 2019...", "icon": "http://www.zemtv.com/wp-content/uploads/zem2/1550072599.jpg", "link": {"DailyMotion": "x72cxvn\" allowfullscreen><"}}, {"Tag": "ZEM_Shows", "Title": "GOYA with Arslan Khalid – 13th February 2019...", "icon": "http://www.zemtv.com/wp-content/uploads/zem2/1550073115.jpg", "link": {"DailyMotion": "x72cxow\" allowfullscreen><"}}, {"Tag": "ZEM_Shows", "Title": "92 at 8 – 13th February 2019...", "icon": "http://www.zemtv.com/wp-content/uploads/zem2/1550070644.jpg", "link": {"DailyMotion": "x72cxlr\" allowfullscreen><"}}, {"Tag": "ZEM_Shows", "Title": "Tonight With Fareeha – 13th February 2019...", "icon": "http://www.zemtv.com/wp-content/uploads/zem2/1550072215.jpg", "link": {"DailyMotion": "x72cxil\" allowfullscreen><"}}, {"Tag": "ZEM_Shows", "Title": "News Wise – 13th February 2019...", "icon": "http://www.zemtv.com/wp-content/uploads/zem2/1550070884.jpg", "link": {"DailyMotion": "x72cx4e\" allowfullscreen><"}}, {"Tag": "ZEM_Shows", "Title": "Hum Sub – 13th February 2019...", "icon": "http://www.zemtv.com/wp-content/uploads/zem2/1550072092.jpg", "link": {"DailyMotion": "x72cwry\" allowfullscreen><"}}, {"Tag": "ZEM_Shows", "Title": "Faisla Aap Ka – 13th February 2019...", "icon": "http://www.zemtv.com/wp-content/uploads/zem2/1550071343.jpg", "link": {"DailyMotion": "x72cwqf\" allowfullscreen><"}}, {"Tag": "ZEM_Shows", "Title": "Khabr Garm Hai – 13th February 2019...", "icon": "http://www.zemtv.com/wp-content/uploads/zem2/1550070053.jpg", "link": {"Youtube": "3c_wEYXn2eQ"}}, {"Tag": "ZEM_Shows", "Title": "Seedhi Baat – 13th February 2019...", "icon": "http://www.zemtv.com/wp-content/uploads/zem2/1550067992.jpg", "link": {"Youtube": "4M8gLYR2Cfw"}}, {"Tag": "ZEM_Shows", "Title": "Mumkin – 13th February 2019...", "icon": "http://www.zemtv.com/wp-content/uploads/zem2/1550070458.jpg", "link": {"DailyMotion": "x72csid\" allowfullscreen><"}}, {"Tag": "ZEM_Shows", "Title": "Benaqaab – 13th February 2019...", "icon": "http://www.zemtv.com/wp-content/uploads/zem2/1550069664.jpg", "link": {"DailyMotion": "x72cs0q\" allowfullscreen><"}}, {"Tag": "ZEM_Shows", "Title": "News Center – 13th February 2019...", "icon": "http://www.zemtv.com/wp-content/uploads/zem2/1550067158.jpg", "link": {"DailyMotion": "x72cs0h\" allowfullscreen><"}}, {"Tag": "ZEM_Shows", "Title": "Ho Kya Raha Hai ? – 13th February 2019...", "icon": "http://www.zemtv.com/wp-content/uploads/zem2/1550067722.jpg", "link": {"DailyMotion": "x72crwn\" allowfullscreen><"}}, {"Tag": "ZEM_Shows", "Title": "Defence Mattars – 13th February 2019...", "icon": "http://www.zemtv.com/wp-content/uploads/zem2/1550068847.jpg", "link": {"DailyMotion": "x72crq2\" allowfullscreen><"}}, {"Tag": "ZEM_Shows", "Title": "Replay – 13th February 2019...", "icon": "http://www.zemtv.com/wp-content/uploads/zem2/1550067661.jpg", "link": {"DailyMotion": "x72crc3\" allowfullscreen><"}}, {"Tag": "ZEM_Shows", "Title": "Foreign Minister Shah Mehmood Qureshi And Federal Information Minister Fawad Cha", "icon": "http://www.zemtv.com/wp-content/uploads/zem2/1550068532.jpg", "link": {"DailyMotion": "x72cqhb\" allowfullscreen><"}}, {"Tag": "ZEM_Shows", "Title": "Federal Minister of Religious Affairs Noor-ul-Haq Qadri’s Press Conference", "icon": "http://www.zemtv.com/wp-content/uploads/zem2/1550059023.jpg", "link": {"DailyMotion": "x72che0\" allowfullscreen><"}}, {"Tag": "ZEM_Shows", "Title": "Federal Information Minister Fawad Chaudhry Addresses To The Ceremony – 13th F", "icon": "http://www.zemtv.com/wp-content/uploads/zem2/1550052384.jpg", "link": {"DailyMotion": "x72cafn\" allowfullscreen><"}}, {"Tag": "ZEM_Shows", "Title": "Gar Tu Bura Na Mane  – 12th February 2019...", "icon": "http://www.zemtv.com/wp-content/uploads/zem2/1549995248.jpg", "link": {"Youtube": "hjp4YdGInkY"}}, {"Tag": "ZEM_Shows", "Title": "Tabdeeli Ameer Abbas Ke Sath   – 12th February 2019...", "icon": "http://www.zemtv.com/wp-content/uploads/zem2/1549984011.jpg", "link": {"Youtube": "AaC1SWQznCA"}}, {"Tag": "ZEM_Shows", "Title": "News Point – 12th February 2019...", "icon": "http://www.zemtv.com/wp-content/uploads/zem2/1549995560.jpg", "link": {"Youtube": "T_X3gFkGuOw"}}, {"Tag": "ZEM_Shows", "Title": "DNA  – 12th February 2019...", "icon": "http://www.zemtv.com/wp-content/uploads/zem2/1549991933.jpg", "link": {"Youtube": "dowh31cnaS4"}}, {"Tag": "ZEM_Shows", "Title": "Syasi Theater – 12th February 2019...", "icon": "http://www.zemtv.com/wp-content/uploads/zem2/1549994708.jpg", "link": {"Youtube": "d4dvUrXWWLY"}}, {"Tag": "ZEM_Shows", "Title": "Ab Pata Chala – 12th February 2019...", "icon": "http://www.zemtv.com/wp-content/uploads/zem2/1549996677.jpg", "link": {"Youtube": "lQiX-d2RB-0"}}, {"Tag": "ZEM_Shows", "Title": "Aisay Nahi Chalay Ga With Aamir Liaquat on BOL TV – 12th February 2019...", "icon": "http://www.zemtv.com/wp-content/uploads/zem2/1549994096.jpg", "link": {"Youtube": "cUDmIJceu_Y"}}, {"Tag": "ZEM_Shows", "Title": "11th Hour – 12th February 2019...", "icon": "http://www.zemtv.com/wp-content/uploads/zem2/1549994819.jpg", "link": {"DailyMotion": "x72b8j8\" allowfullscreen><"}}, {"Tag": "ZEM_Shows", "Title": "Power Play – 12th February 2019...", "icon": "http://www.zemtv.com/wp-content/uploads/zem2/1549991881.jpg", "link": {"DailyMotion": "x72b6ur\" allowfullscreen><"}}, {"Tag": "ZEM_Shows", "Title": "Neo News Bulletin – 12th February 2019...", "icon": "http://www.zemtv.com/wp-content/uploads/zem2/1549988179.jpg", "link": {"Youtube": "qtb5vut4Hyo"}}, {"Tag": "ZEM_Shows", "Title": "Aaj Ayesha Ehtesham Ke Saath – 12th February 2019...", "icon": "http://www.zemtv.com/wp-content/uploads/zem2/1549991815.jpg", "link": {"Youtube": "CI-3kAwRmiQ"}}, {"Tag": "ZEM_Shows", "Title": "The Last Hour – 12th February 2019...", "icon": "http://www.zemtv.com/wp-content/uploads/zem2/1549996423.jpg", "link": {"DailyMotion": "x72b8bx\" allowfullscreen><"}}, {"Tag": "ZEM_Shows", "Title": "Taaro Se Karen Batain – 12th February 2019...", "icon": "http://www.zemtv.com/wp-content/uploads/zem2/1549994793.jpg", "link": {"DailyMotion": "x72b8b0\" allowfullscreen><"}}, {"Tag": "ZEM_Shows", "Title": "Zara Hut Kay – 12th February 2019...", "icon": "http://www.zemtv.com/wp-content/uploads/zem2/1549995233.jpg", "link": {"DailyMotion": "x72b83c\" allowfullscreen><"}}, {"Tag": "ZEM_Shows", "Title": "2 Tok  – 12th February 2019...", "icon": "http://www.zemtv.com/wp-content/uploads/zem2/1549991708.jpg", "link": {"Youtube": "pO19whvqhNI"}}, {"Tag": "ZEM_Shows", "Title": "Raja Baaz Aja On Roze Tv  – 12th February 2019...", "icon": "http://www.zemtv.com/wp-content/uploads/zem2/1549996883.jpg", "link": {"DailyMotion": "x72b81f\" allowfullscreen><"}}, {"Tag": "ZEM_Shows", "Title": "Kal Tak With Javed Chaudhary – 12th February 2019...", "icon": "http://www.zemtv.com/wp-content/uploads/zem2/1549994601.jpg", "link": {"Youtube": "HeVuj4ou2zY"}}, {"Tag": "ZEM_Shows", "Title": "News Plus  – 12th February 2019...", "icon": "http://www.zemtv.com/wp-content/uploads/zem2/1549993954.jpg", "link": {"DailyMotion": "x72b6ge\" allowfullscreen><"}}, {"Tag": "ZEM_Shows", "Title": "Debate With Nasir  – 12th February 2019...", "icon": "http://www.zemtv.com/wp-content/uploads/zem2/1549993518.jpg", "link": {"DailyMotion": "x72b6dl\" allowfullscreen><"}}, {"Tag": "ZEM_Shows", "Title": "Live With Moeed Pirzada – 12th February 2019...", "icon": "http://www.zemtv.com/wp-content/uploads/zem2/1549991741.jpg", "link": {"DailyMotion": "x72b6cn\" allowfullscreen><"}}, {"Tag": "ZEM_Shows", "Title": "Muqabil – 12th February 2019...", "icon": "http://www.zemtv.com/wp-content/uploads/zem2/1549991552.jpg", "link": {"DailyMotion": "x72b69o\" allowfullscreen><"}}, {"Tag": "ZEM_Shows", "Title": "NewsEye – 12th February 2019...", "icon": "http://www.zemtv.com/wp-content/uploads/zem2/1549992106.jpg", "link": {"DailyMotion": "x72b60f\" allowfullscreen><"}}, {"Tag": "ZEM_Shows", "Title": "Aamne Saamne – 12th February 2019...", "icon": "http://www.zemtv.com/wp-content/uploads/zem2/1549991769.jpg", "link": {"DailyMotion": "x72b5w6\" allowfullscreen><"}}, {"Tag": "ZEM_Shows", "Title": "Spot Light – 12th February 2019...", "icon": "http://www.zemtv.com/wp-content/uploads/zem2/1549991024.jpg", "link": {"DailyMotion": "x72b5uq\" allowfullscreen><"}}, {"Tag": "ZEM_Shows", "Title": "Harf e Raz with Orya Maqbol Jan – 12th February 2019...", "icon": "http://www.zemtv.com/wp-content/uploads/zem2/1549984136.jpg", "link": {"Youtube": "4h5QahQWwPE"}}, {"Tag": "ZEM_Shows", "Title": "Takrar – 12th February 2019...", "icon": "http://www.zemtv.com/wp-content/uploads/zem2/1549984303.jpg", "link": {"Youtube": "xbzIhvWfvlM"}}, {"Tag": "ZEM_Shows", "Title": "Ikhtilaf Rai – 12th February 2019...", "icon": "http://www.zemtv.com/wp-content/uploads/zem2/1549986724.jpg", "link": {"Youtube": "alKVWJsads8"}}, {"Tag": "ZEM_Shows", "Title": "Cross Check With OT  – 12th February 2019...", "icon": "http://www.zemtv.com/wp-content/uploads/zem2/1549986094.jpg", "link": {"Youtube": "2UM_CUXYZ8g"}}, {"Tag": "ZEM_Shows", "Title": "Abbtak News 9pm Bulletin – – 12th February 2019...", "icon": "http://www.zemtv.com/wp-content/uploads/zem2/1549987517.jpg", "link": {"DailyMotion": "x72b3me\" allowfullscreen><"}}, {"Tag": "ZEM_Shows", "Title": "Off The Record – 12th February 2019...", "icon": "http://www.zemtv.com/wp-content/uploads/zem2/1549984417.jpg", "link": {"DailyMotion": "x72b1iw\" allowfullscreen><"}}, {"Tag": "ZEM_Shows", "Title": "Tajzia Sami Ibrahim Kay Sath  – 12th February 2019...", "icon": "http://www.zemtv.com/wp-content/uploads/zem2/1549987322.jpg", "link": {"DailyMotion": "x72b1qz\" allowfullscreen><"}}, {"Tag": "ZEM_Shows", "Title": "HumSub  – 12th February 2019...", "icon": "http://www.zemtv.com/wp-content/uploads/zem2/1549988050.jpg", "link": {"DailyMotion": "x72b1pj\" allowfullscreen><"}}, {"Tag": "ZEM_Shows", "Title": "Sachi Baat  – 12th February 2019...", "icon": "http://www.zemtv.com/wp-content/uploads/zem2/1549987584.jpg", "link": {"DailyMotion": "x72b1o7\" allowfullscreen><"}}, {"Tag": "ZEM_Shows", "Title": "The Reporters – 12th February 2019...", "icon": "http://www.zemtv.com/wp-content/uploads/zem2/1549981003.jpg", "link": {"DailyMotion": "x72ayix\" allowfullscreen><"}}, {"Tag": "ZEM_Shows", "Title": "Mukalma – 12th February 2019...", "icon": "http://www.zemtv.com/wp-content/uploads/zem2/1549983667.jpg", "link": {"DailyMotion": "x72b1m1\" allowfullscreen><"}}, {"Tag": "ZEM_Shows", "Title": "G For Gharida – 12th February 2019...", "icon": "http://www.zemtv.com/wp-content/uploads/zem2/1549984805.jpg", "link": {"DailyMotion": "x72b1kj\" allowfullscreen><"}}]