[
  {
    "Tag": "SP_Viral",
    "Title": "Selected PM kisi ko chuti nahi de sakhta woh NRO kia de ga -  Talal Ch",
    "icon": "https://www.dailymotion.com/thumbnail/video/x72eigh",
    "link": {
      "DailyMotion": "x72eigh",
      "Facebook": "351762192084738"
    }
  },
  {
    "Tag": "SP_Viral",
    "Title": "Whole nation knows Nawaz, Shabaz, Zardari are Corrupt Mafia. Why LHC & IHC keeps giving bail to biggest criminals?",
    "icon": "https://img.youtube.com/vi/KG8weB3edyM/hqdefault.jpg",
    "link": {
      "Youtube": "KG8weB3edyM"
    }
  },
  {
    "Tag": "SP_Viral",
    "Title": "We have been clean bowled by the \"Googly\"...",
    "icon": "https://img.youtube.com/vi/iJpk5U9af1g/hqdefault.jpg",
    "link": {
      "Youtube": "iJpk5U9af1g"
    }
  },
  {
    "Tag": "SP_Viral",
    "Title": "ملک بھر کےنوجوانوں کیلئے بڑی خبر۔۔ وفاقی حکومت کا \"کامیاب جوان\" پروگرام فوری شروع کرنے کا فیصل",
    "icon": "http://www.siasat.pk",
    "link": {
      "Youtube": "IbVJ_0DmnZI",
      "Facebook": "237839957167044"
    }
  },
  {
    "Tag": "SP_Viral",
    "Title": "Govt aim to Create 1 Million Jobs With ‘Kamyab Jawan Program’",
    "icon": "https://img.youtube.com/vi/IbVJ_0DmnZI/hqdefault.jpg",
    "link": {
      "Youtube": "IbVJ_0DmnZI",
      "Facebook": "237839957167044"
    }
  },
  {
    "Tag": "SP_Viral",
    "Title": "Current Saudi's agreements were already in the tunnel during our government - Pervaiz Rasheed",
    "icon": "https://img.youtube.com/vi/TrvuBqLt6N4/hqdefault.jpg",
    "link": {
      "Youtube": "TrvuBqLt6N4",
      "Facebook": "606077709818219"
    }
  },
  {
    "Tag": "SP_Viral",
    "Title": "مشاہداللہ کا ویلنٹائن ڈے جیل میں اپنے \"محبوب\" کیساتھ",
    "icon": "https://www.dailymotion.com/thumbnail/video/x72ek70",
    "link": {
      "DailyMotion": "x72ek70"
    }
  },
  {
    "Tag": "SP_Viral",
    "Title": "NAB to challenge Shehbaz Sharif's bail in Supreme Court",
    "icon": "https://img.youtube.com/vi/PtLZ4dSRWXU/hqdefault.jpg",
    "link": {
      "Youtube": "PtLZ4dSRWXU",
      "Facebook": "786823861716197"
    }
  },
  {
    "Tag": "SP_Viral",
    "Title": "Nawaz Sharif is hopeful for his bail till next Friday",
    "icon": "https://img.youtube.com/vi/MNO2V0zpVTc/hqdefault.jpg",
    "link": {
      "Youtube": "MNO2V0zpVTc"
    }
  },
  {
    "Tag": "SP_Viral",
    "Title": "PM Imran Khan thankful to ALLAH Almighty for winter rains",
    "icon": "https://img.youtube.com/vi/bHqGFbki3qc/hqdefault.jpg",
    "link": {
      "Youtube": "bHqGFbki3qc"
    }
  },
  {
    "Tag": "SP_Viral",
    "Title": "Major Reduction in Visa Fee for Pakistanis by Saudi Government",
    "icon": "https://img.youtube.com/vi/kCx4GYsk8n8/hqdefault.jpg",
    "link": {
      "Youtube": "kCx4GYsk8n8",
      "Facebook": "2295084170767150"
    }
  },
  {
    "Tag": "SP_Viral",
    "Title": "‏شیخ رشید کی شجر کاری مہم کی حقیقت، کن نااہل لوگوں کے ہاتھ پاکستان کی بھاگ دوڑ تھما دی گئی ہے",
    "icon": "https://img.youtube.com/vi/wUxzLJpkj-E/hqdefault.jpg",
    "link": {
      "Youtube": "wUxzLJpkj-E"
    }
  },
  {
    "Tag": "SP_Viral",
    "Title": "Pmln, Ppp don’t care about Pakistan. Just want to rule, make money & protect there corruption",
    "icon": "https://img.youtube.com/vi/gbt7Pb7lq1A/hqdefault.jpg",
    "link": {
      "Youtube": "gbt7Pb7lq1A"
    }
  },
  {
    "Tag": "SP_Viral",
    "Title": "Barrister Shahzad Akbar response after LHC grants bail to Shahbaz Sharif",
    "icon": "https://img.youtube.com/vi/UB34i1WkIeo/hqdefault.jpg",
    "link": {
      "Youtube": "UB34i1WkIeo"
    }
  },
  {
    "Tag": "SP_Viral",
    "Title": "NAB law will be amended in two months, Changes in18th amendment necessary - Farogh Naseem",
    "icon": "https://www.dailymotion.com/thumbnail/video/x72el24",
    "link": {
      "DailyMotion": "x72el24",
      "Facebook": "306814163357064"
    }
  },
  {
    "Tag": "SP_Viral",
    "Title": "We are going to Launch a BIG CRACKDOWN against extremist on Social Media | Fawad Chaudhry",
    "icon": "https://img.youtube.com/vi/5g7cklgoRVg/hqdefault.jpg",
    "link": {
      "Youtube": "5g7cklgoRVg"
    }
  },
  {
    "Tag": "SP_Viral",
    "Title": "Saudia Arabia will establish an oil refinery worth $8b in Gwadar | Fawad Chaudhry COMPLETE Press Conference",
    "icon": "http://www.siasat.pk",
    "link": {
      "Youtube": "Y3zPzk9_Oho"
    }
  },
  {
    "Tag": "SP_Viral",
    "Title": "Saudia Arabia will establish an oil refinery worth $8 b in Gwadar - Fawad Ch's complete press conference",
    "icon": "https://img.youtube.com/vi/Y3zPzk9_Oho/hqdefault.jpg",
    "link": {
      "Youtube": "Y3zPzk9_Oho"
    }
  },
  {
    "Tag": "SP_Viral",
    "Title": "This time negotiations with Taliban will take place in Pakistan - Fawad Ch",
    "icon": "https://img.youtube.com/vi/Of_uiKcUZBQ/hqdefault.jpg",
    "link": {
      "Youtube": "Of_uiKcUZBQ"
    }
  },
  {
    "Tag": "SP_Viral",
    "Title": "Rao Anwar plea seeking removal of his name from ECL",
    "icon": "https://img.youtube.com/vi/3u3F9-4ws-8/hqdefault.jpg",
    "link": {
      "Youtube": "3u3F9-4ws-8"
    }
  },
  {
    "Tag": "SP_Viral",
    "Title": "Shahbaz Sharif granted bail by Lahore High Court in Aashiyana Housing and Ramzan Sugar Mills case",
    "icon": "https://img.youtube.com/vi/KG8weB3edyM/hqdefault.jpg",
    "link": {
      "Youtube": "KG8weB3edyM"
    }
  },
  {
    "Tag": "SP_Viral",
    "Title": "Murad Saeed presents documents against Ahsan Iqbal in NHA Scam",
    "icon": "https://www.dailymotion.com/thumbnail/video/x72bxan",
    "link": {
      "DailyMotion": "x72bxan"
    }
  },
  {
    "Tag": "SP_Viral",
    "Title": "HoD of Sargodha University Arrested after a female student accused him of secusal harrasmnet",
    "icon": "https://img.youtube.com/vi/2_4t-Wa800o/hqdefault.jpg",
    "link": {
      "Youtube": "2_4t-Wa800o"
    }
  },
  {
    "Tag": "SP_Viral",
    "Title": "No more corruption, NAB Lahore in action against political leaders and  bureaucrats",
    "icon": "https://img.youtube.com/vi/7TffLtQJOR4/hqdefault.jpg",
    "link": {
      "Youtube": "7TffLtQJOR4"
    }
  },
  {
    "Tag": "SP_Viral",
    "Title": "After Shehbaz Sharif's bail, there is no difference between status of his and Imran Khan's NAB case - Hamid Mir",
    "icon": "https://img.youtube.com/vi/dVX5D5mZHE4/hqdefault.jpg",
    "link": {
      "Youtube": "dVX5D5mZHE4"
    }
  },
  {
    "Tag": "SP_Viral",
    "Title": "A deal for dollars was offered but we refused, deal would mean accepting charges - Asif Zardari",
    "icon": "https://img.youtube.com/vi/9BFEIZtYank/hqdefault.jpg",
    "link": {
      "Youtube": "9BFEIZtYank"
    }
  },
  {
    "Tag": "SP_Viral",
    "Title": "NAB chairman approves 13 inquiries against ex-ministers, officers",
    "icon": "https://img.youtube.com/vi/0wrw6ND3DzI/hqdefault.jpg",
    "link": {
      "DailyMotion": "x72ebur",
      "Youtube": "0wrw6ND3DzI"
    }
  },
  {
    "Tag": "SP_Viral",
    "Title": "Today is a mournful day for accusers - Marriyum Aurangzeb's response on Shahbaz Sharif bail",
    "icon": "https://img.youtube.com/vi/RyuabnVDPzo/hqdefault.jpg",
    "link": {
      "Youtube": "RyuabnVDPzo"
    }
  },
  {
    "Tag": "SP_Viral",
    "Title": "Shehbaz and Hamza have truly betrayed Nawaz Sharif - Fayyaz Chohan's response on Shehbaz Sharif's bail",
    "icon": "https://img.youtube.com/vi/ktNet3hxl2Y/hqdefault.jpg",
    "link": {
      "Youtube": "ktNet3hxl2Y"
    }
  },
  {
    "Tag": "SP_Viral",
    "Title": "Supreme Court winds up the matter of Memo-gate scandal",
    "icon": "https://img.youtube.com/vi/lxAePtD6-xA/hqdefault.jpg",
    "link": {
      "DailyMotion": "x72e42x",
      "Youtube": "lxAePtD6-xA"
    }
  },
  {
    "Tag": "SP_Viral",
    "Title": "Sexual Harassment Of Female Students In the Universities.",
    "icon": "https://img.youtube.com/vi/quewlveC0OQ/hqdefault.jpg",
    "link": {
      "Youtube": "quewlveC0OQ"
    }
  },
  {
    "Tag": "SP_Viral",
    "Title": "Chaudhary brothers on NAB's radar, investigation in three cases against them",
    "icon": "https://www.dailymotion.com/thumbnail/video/x72ea10",
    "link": {
      "DailyMotion": "x72ea10"
    }
  },
  {
    "Tag": "SP_Viral",
    "Title": "Infant Baby dies in Sukkur during young doctors strike",
    "icon": "https://img.youtube.com/vi/8uUHT6_mVpU/hqdefault.jpg",
    "link": {
      "Youtube": "8uUHT6_mVpU"
    }
  },
  {
    "Tag": "SP_Viral",
    "Title": "LHC Dismisses Plea Against Hajj Policy 2019",
    "icon": "https://img.youtube.com/vi/vljM1R2CPWA/hqdefault.jpg",
    "link": {
      "Youtube": "vljM1R2CPWA"
    }
  },
  {
    "Tag": "SP_Viral",
    "Title": "\"Today, Pakistan is in a much better place economically than six months ago\" - Financial Time",
    "icon": "http://www.siasat.pk/forums/threads/today-pakistan-is-in-a-much-better-place-economically-than-six-months-ago-financial-time.675083/preview",
    "link": {
      "Facebook": "1041626732706067"
    }
  },
  {
    "Tag": "SP_Viral",
    "Title": "Talat Hussain ki Misal Aisi Hai jaise Shadi ki taqreeb par Mamu naaraz hon aur  Ruksati ke waqat nikal ly - Amir Liaquat",
    "icon": "https://www.dailymotion.com/thumbnail/video/x6ycjrm",
    "link": {
      "DailyMotion": "x6ycjrm"
    }
  },
  {
    "Tag": "SP_Viral",
    "Title": "Sexual kisam ki jugtain karne per Talal Ch Ko Maryam Nawaz ne wazarat de di thi",
    "icon": "https://img.youtube.com/vi/rqORIQlndh0/hqdefault.jpg",
    "link": {
      "Youtube": "rqORIQlndh0"
    }
  },
  {
    "Tag": "SP_Viral",
    "Title": "Lahore High Court orders for judicial inquiry of Sahiwal incident",
    "icon": "https://img.youtube.com/vi/GdgUyPgMI3A/hqdefault.jpg",
    "link": {
      "Youtube": "GdgUyPgMI3A"
    }
  },
  {
    "Tag": "SP_Viral",
    "Title": "Iran wins trial against United States in World Court of Justice",
    "icon": "https://img.youtube.com/vi/tf-cUPfcuBk/hqdefault.jpg",
    "link": {
      "Youtube": "tf-cUPfcuBk"
    }
  },
  {
    "Tag": "SP_Viral",
    "Title": "All credit of record Saudi investment in Pakistan goes to present govt- Ijaz Awan",
    "icon": "https://www.dailymotion.com/thumbnail/video/x72dld4",
    "link": {
      "DailyMotion": "x72dld4",
      "Facebook": "404979543587159"
    }
  },
  {
    "Tag": "SP_Viral",
    "Title": "Eva Zu Beck, Most common myths about Pakistan.",
    "icon": "https://img.youtube.com/vi/iuBtLUFTWEM/hqdefault.jpg",
    "link": {
      "Youtube": "iuBtLUFTWEM"
    }
  },
  {
    "Tag": "SP_Viral",
    "Title": "Get ready Shahbaz Sharif, I will kick you out of PAC - Sheikh Rasheed",
    "icon": "https://img.youtube.com/vi/kizl7b2yyBw/hqdefault.jpg",
    "link": {
      "Youtube": "kizl7b2yyBw"
    }
  },
  {
    "Tag": "SP_Viral",
    "Title": "تین ماہ میں صرف ۲ ہزار کمایا ہے، خود کشی کرنے پہ مجبور ہوں",
    "icon": "http://www.siasat.pk/forums/threads/%D8%AA%DB%8C%D9%86-%D9%85%D8%A7%DB%81-%D9%85%DB%8C%DA%BA-%D8%B5%D8%B1%D9%81-%DB%B2-%DB%81%D8%B2%D8%A7%D8%B1-%DA%A9%D9%85%D8%A7%DB%8C%D8%A7-%DB%81%DB%92%D8%8C-%D8%AE%D9%88%D8%AF-%DA%A9%D8%B4%DB%8C-%DA%A9%D8%B1%D9%86%DB%92-%D9%BE%DB%81-%D9%85%D8%AC%D8%A8%D9%88%D8%B1-%DB%81%D9%88%DA%BA.675078/preview",
    "link": {
      "Facebook": "342243163298873"
    }
  },
  {
    "Tag": "SP_Viral",
    "Title": "PM Imran Khan has taken the decision to remove Shehbaz Sharif from PAC chairmanship - Rauf Klasra reveals",
    "icon": "https://img.youtube.com/vi/Z44z51jGIDc/hqdefault.jpg",
    "link": {
      "Youtube": "Z44z51jGIDc"
    }
  },
  {
    "Tag": "SP_Viral",
    "Title": "Journalist asks Maulana Fazal ur Rehman his take on rumours of NAB notice against him",
    "icon": "https://img.youtube.com/vi/tF29efX7weY/hqdefault.jpg",
    "link": {
      "Youtube": "tF29efX7weY"
    }
  },
  {
    "Tag": "SP_Viral",
    "Title": "Preparations completed for historical welcome and protocol of Saudi crown prince",
    "icon": "https://img.youtube.com/vi/f64yVMSYLr0/hqdefault.jpg",
    "link": {
      "Youtube": "f64yVMSYLr0"
    }
  },
  {
    "Tag": "SP_Viral",
    "Title": "Are you jealous by Imran Khan's respect and crown prince's visit to Pakistan? - Kamran Shahid to Nabil Gabol",
    "icon": "https://www.dailymotion.com/thumbnail/video/x72cwxd",
    "link": {
      "DailyMotion": "x72cwxd"
    }
  },
  {
    "Tag": "SP_Viral",
    "Title": "Railway was looted by thieves | Minister for Railways Sheikh Rasheed speech at an event today | PM Imran Khan Present",
    "icon": "https://img.youtube.com/vi/0Bz_CUMD9IM/hqdefault.jpg",
    "link": {
      "Youtube": "0Bz_CUMD9IM"
    }
  },
  {
    "Tag": "SP_Viral",
    "Title": "There can be no comparison of PMLN's corruption with PTI: Pervaiz Musharaf",
    "icon": "https://img.youtube.com/vi/CrUMq-dkxgA/hqdefault.jpg",
    "link": {
      "Youtube": "CrUMq-dkxgA"
    }
  },
  {
    "Tag": "SP_Viral",
    "Title": "عابد باکسر بے گناہ قرار",
    "icon": "https://www.dailymotion.com/thumbnail/video/x72dypg",
    "link": {
      "DailyMotion": "x72dypg",
      "Facebook": "358958111611112"
    }
  },
  {
    "Tag": "SP_Viral",
    "Title": "Imran Khan ki sharam kaha mar gayi?",
    "icon": "https://www.dailymotion.com/thumbnail/video/x72d55w",
    "link": {
      "DailyMotion": "x72d55w"
    }
  },
  {
    "Tag": "SP_Viral",
    "Title": "FM Shah Mehmood Qureshi leaves for Germany to attend Global security conference",
    "icon": "https://img.youtube.com/vi/OceZmvoSMuE/hqdefault.jpg",
    "link": {
      "Youtube": "OceZmvoSMuE"
    }
  },
  {
    "Tag": "SP_Viral",
    "Title": "Prince Mohammad's visit to Pakistan with huge delegation is a big achievement of PTI govt- Javed Chaudhry",
    "icon": "https://www.dailymotion.com/thumbnail/video/x72dm6a",
    "link": {
      "DailyMotion": "x72dm6a",
      "Facebook": "987322241467230"
    }
  },
  {
    "Tag": "SP_Viral",
    "Title": "Punjab Information Minister Fayyaz-ul-Hassan Chohan bashes PMLN & PPP",
    "icon": "https://img.youtube.com/vi/PfagMFQApIU/hqdefault.jpg",
    "link": {
      "Youtube": "PfagMFQApIU"
    }
  },
  {
    "Tag": "SP_Viral",
    "Title": "How do you take the criticism on your recent picture with sports car?  - Faisal Vawda replies",
    "icon": "https://img.youtube.com/vi/Bjr2BWiC7hU/hqdefault.jpg",
    "link": {
      "DailyMotion": "x72cyzi",
      "Youtube": "Bjr2BWiC7hU"
    }
  },
  {
    "Tag": "SP_Viral",
    "Title": "نواز شریف کی حکومت  کی تباہی کی اصل وجہ",
    "icon": "https://img.youtube.com/vi/PDVNO035XGo/hqdefault.jpg",
    "link": {
      "Youtube": "PDVNO035XGo"
    }
  },
  {
    "Tag": "SP_Viral",
    "Title": "Pakistan government app wins award at Dubai summit, Imran Khan hails success - Khaleej Times",
    "icon": "https://img.youtube.com/vi/kxk2EFwvgTI/hqdefault.jpg",
    "link": {
      "Youtube": "kxk2EFwvgTI"
    }
  },
  {
    "Tag": "SP_Viral",
    "Title": "عمران خان عالمی افق پر چھاگئے",
    "icon": "https://www.dailymotion.com/thumbnail/video/x729sq9",
    "link": {
      "DailyMotion": "x729sq9",
      "Facebook": "2243524515905390"
    }
  },
  {
    "Tag": "SP_Viral",
    "Title": "Shahbaz Sharif tries to contact Saudi Prince via Backdoor diplomacy",
    "icon": "https://img.youtube.com/vi/ZSbl2cj4-cU/hqdefault.jpg",
    "link": {
      "Youtube": "ZSbl2cj4-cU"
    }
  },
  {
    "Tag": "SP_Viral",
    "Title": "Fawad Ch criticises Mushahidullah for asking to reinstate pilots sacked in fake degree case",
    "icon": "https://img.youtube.com/vi/9VF8jo8ODjI/hqdefault.jpg",
    "link": {
      "DailyMotion": "x72bxju",
      "Youtube": "9VF8jo8ODjI"
    }
  },
  {
    "Tag": "SP_Viral",
    "Title": "Arif Nizami apppreciates Shah Mehmood on submitting all gifts he received from Saudi prince",
    "icon": "https://img.youtube.com/vi/wK2bcgaL3AI/hqdefault.jpg",
    "link": {
      "Youtube": "wK2bcgaL3AI"
    }
  },
  {
    "Tag": "SP_Viral",
    "Title": "Kamran Khan's exclusive report of PM Imran Khan's foreign policy & Saudi Prince's Pakistan visit",
    "icon": "https://www.dailymotion.com/thumbnail/video/x72bbn8",
    "link": {
      "DailyMotion": "x72bbn8"
    }
  },
  {
    "Tag": "SP_Viral",
    "Title": "Should Shehbaz Sharif continue as the PAC chairman? Irshad Bhatti's analysis",
    "icon": "https://www.dailymotion.com/thumbnail/video/x72dkxg",
    "link": {
      "DailyMotion": "x72dkxg",
      "Facebook": "1209474472541951"
    }
  },
  {
    "Tag": "SP_Viral",
    "Title": "PM Imran Khan will be residing permanently in Bani Gala now on",
    "icon": "https://img.youtube.com/vi/tBIsP5GW43c/hqdefault.jpg",
    "link": {
      "DailyMotion": "x729z9e",
      "Youtube": "tBIsP5GW43c"
    }
  },
  {
    "Tag": "SP_Viral",
    "Title": "PTI govt to start a new tourism point for public - Raja Yasir Humayun",
    "icon": "https://img.youtube.com/vi/KuXbssLCPQ0/hqdefault.jpg",
    "link": {
      "Youtube": "KuXbssLCPQ0"
    }
  },
  {
    "Tag": "SP_Viral",
    "Title": "Saudi Embassy to bear all the expenses of Saudi Crown Prince's visit to Pakistan",
    "icon": "http://www.siasat.pk/forums/threads/saudi-embassy-to-bear-all-the-expenses-of-saudi-crown-princes-visit-to-pakistan.675077/preview",
    "link": {
      "Facebook": "244615993084288"
    }
  },
  {
    "Tag": "SP_Viral",
    "Title": "Muzaffargarh to Alipur Road. The Most Dangerous Road in South Punjab Pakistan-(where is Usman Buzdar?)",
    "icon": "https://img.youtube.com/vi/mjKpSM1cRkw/hqdefault.jpg",
    "link": {
      "Youtube": "mjKpSM1cRkw"
    }
  },
  {
    "Tag": "SP_Viral",
    "Title": "Difficult days ahead for Malik Riaz as SC gives go ahead to NAB for action, High profile arrests expected in Sindh - Amir Mateen",
    "icon": "https://img.youtube.com/vi/RV_TaJOjQxM/hqdefault.jpg",
    "link": {
      "Youtube": "RV_TaJOjQxM"
    }
  },
  {
    "Tag": "SP_Viral",
    "Title": "In the next 5 years, Pakistan will witness a foreign investment of billions of dollars",
    "icon": "https://www.dailymotion.com/thumbnail/video/x72cbo3",
    "link": {
      "DailyMotion": "x72cbo3",
      "Facebook": "2506536776054909"
    }
  },
  {
    "Tag": "SP_Viral",
    "Title": "Jis PTV ko ye hukumat BBC bana rehy thay osy inhon ne LLC (Leer-o-leer Corporation) bana diya hai - Amir Mateen",
    "icon": "https://img.youtube.com/vi/ZY1sIxk65jo/hqdefault.jpg",
    "link": {
      "Youtube": "ZY1sIxk65jo"
    }
  },
  {
    "Tag": "SP_Viral",
    "Title": "Siddique Jan: Details of Bahria Town Karachi And Malik Riaz's Case 13 Feb 2019",
    "icon": "https://img.youtube.com/vi/J-Ksy3VaVAI/hqdefault.jpg",
    "link": {
      "Youtube": "J-Ksy3VaVAI",
      "Facebook": "323611008271903"
    }
  },
  {
    "Tag": "SP_Viral",
    "Title": "Grand preparations to welcome honorable guest Saudi crown prince Mohammed Bin Salman",
    "icon": "https://img.youtube.com/vi/_603Pnp80Ek/hqdefault.jpg",
    "link": {
      "Youtube": "_603Pnp80Ek"
    }
  },
  {
    "Tag": "SP_Viral",
    "Title": "Case registered against FixIt’s Alamgir Khan for throwing sewerage water outside CM House in Karachi",
    "icon": "https://img.youtube.com/vi/gQ5uAgjfcF4/hqdefault.jpg",
    "link": {
      "Youtube": "gQ5uAgjfcF4"
    }
  },
  {
    "Tag": "SP_Viral",
    "Title": "Rauf Klasra's remarks on PM permitting PTV board for MD selection",
    "icon": "https://img.youtube.com/vi/6MG5oa6vubM/hqdefault.jpg",
    "link": {
      "Youtube": "6MG5oa6vubM"
    }
  },
  {
    "Tag": "SP_Viral",
    "Title": "Main Nawaz Sharif aur Zardari Ko NRO Dene Ko Tiyar Hoon - Shahzad Akbar",
    "icon": "https://www.dailymotion.com/thumbnail/video/x72cnj3",
    "link": {
      "DailyMotion": "x72cnj3",
      "Facebook": "254750712114825"
    }
  },
  {
    "Tag": "SP_Viral",
    "Title": "Arif Nizami's analysis on rift within PTI over Sheikh Rasheed's induction in PAC",
    "icon": "https://img.youtube.com/vi/YAKDgLKOPqY/hqdefault.jpg",
    "link": {
      "Youtube": "YAKDgLKOPqY"
    }
  },
  {
    "Tag": "SP_Viral",
    "Title": "Aisa low calibre ka prime minister shayd hi kisi mulk mein aya ho.",
    "icon": "https://img.youtube.com/vi/SxD_uLTdTwk/hqdefault.jpg",
    "link": {
      "Youtube": "SxD_uLTdTwk"
    }
  },
  {
    "Tag": "SP_Shows",
    "Title": "Power Play - 13th February 2019 - What Are The Conditions of IMF?",
    "icon": "https://www.dailymotion.com/thumbnail/video/x72d9ds",
    "link": {
      "DailyMotion": "x72d9ds"
    }
  },
  {
    "Tag": "SP_Shows",
    "Title": "DNA – 13th February 2019 - Saudi Prince, Sheikh Rasheed Statement, Other Issues",
    "icon": "https://www.dailymotion.com/thumbnail/video/x72daul",
    "link": {
      "DailyMotion": "x72daul"
    }
  },
  {
    "Tag": "SP_Shows",
    "Title": "Zara Hut Kay – 13th February 2019 - Crackdown on Social Media",
    "icon": "https://www.dailymotion.com/thumbnail/video/x72db2f",
    "link": {
      "DailyMotion": "x72db2f"
    }
  },
  {
    "Tag": "SP_Shows",
    "Title": "Kal Tak With Javed Chaudhary – 13th February 2019 - NRO Ki Goonj",
    "icon": "https://www.dailymotion.com/thumbnail/video/x72dahm",
    "link": {
      "DailyMotion": "x72dahm"
    }
  },
  {
    "Tag": "SP_Shows",
    "Title": "Aisay Nahi Chalay Ga - 13th February 2019 - Ghar Tu Akhir Apna Hai",
    "icon": "https://www.dailymotion.com/thumbnail/video/x72d9ff",
    "link": {
      "DailyMotion": "x72d9ff"
    }
  },
  {
    "Tag": "SP_Shows",
    "Title": "Muqabil – 13th February 2019 - Will Shahbaz Sharif Be Removed From PAC?",
    "icon": "https://www.dailymotion.com/thumbnail/video/x72d8y8",
    "link": {
      "DailyMotion": "x72d8y8"
    }
  },
  {
    "Tag": "SP_Shows",
    "Title": "Live With Moeed Pirzada – 13th February 2019 - PAC Issue Not Resolving",
    "icon": "https://www.dailymotion.com/thumbnail/video/x72d92q",
    "link": {
      "DailyMotion": "x72d92q"
    }
  },
  {
    "Tag": "SP_Shows",
    "Title": "News Eye with Meher Abbasi – 13th February 2019 - PAC Chairman Issue",
    "icon": "https://www.dailymotion.com/thumbnail/video/x72d90p",
    "link": {
      "DailyMotion": "x72d90p"
    }
  },
  {
    "Tag": "SP_Shows",
    "Title": "News Plus – 13th February 2019 - Heavy Increase in Gas Bills",
    "icon": "https://www.dailymotion.com/thumbnail/video/x72d8r2",
    "link": {
      "DailyMotion": "x72d8r2"
    }
  },
  {
    "Tag": "SP_Shows",
    "Title": "Cross Check With OT – 13th February 2019 - Pakistan Super League",
    "icon": "https://img.youtube.com/vi/MjSVPFB7Ud8/hqdefault.jpg",
    "link": {
      "Youtube": "MjSVPFB7Ud8"
    }
  },
  {
    "Tag": "SP_Shows",
    "Title": "Spot Light – 13th February 2019 - Politics on the Name of PAC",
    "icon": "https://www.dailymotion.com/thumbnail/video/x72d8ky",
    "link": {
      "DailyMotion": "x72d8ky"
    }
  },
  {
    "Tag": "SP_Shows",
    "Title": "Aamne Saamne – 13th February 2019 - Yeh Kaisi Tabdeeli Hai",
    "icon": "https://www.dailymotion.com/thumbnail/video/x72d8m9",
    "link": {
      "DailyMotion": "x72d8m9"
    }
  },
  {
    "Tag": "SP_Shows",
    "Title": "On The Front with Kamran Shahid - 13th February 2019 - Saudi Crown Prince Visit",
    "icon": "https://img.youtube.com/vi/5fQNanzsons/hqdefault.jpg",
    "link": {
      "Youtube": "5fQNanzsons"
    }
  },
  {
    "Tag": "SP_Shows",
    "Title": "G For Gharida – 13th February 2019 - Saudi Crown Prince Visit",
    "icon": "https://www.dailymotion.com/thumbnail/video/x72cy9g",
    "link": {
      "DailyMotion": "x72cy9g"
    }
  },
  {
    "Tag": "SP_Shows",
    "Title": "Tonight With Fareeha – 13th February 2019 - Saudi Investment in Pakistan",
    "icon": "https://www.dailymotion.com/thumbnail/video/x72cxil",
    "link": {
      "DailyMotion": "x72cxil"
    }
  },
  {
    "Tag": "SP_Shows",
    "Title": "Harf e Raz - 13th February 2019 - Social Media Ethics And State Coercion",
    "icon": "https://www.dailymotion.com/thumbnail/video/x72cxuh",
    "link": {
      "DailyMotion": "x72cxuh"
    }
  },
  {
    "Tag": "SP_Shows",
    "Title": "Takrar - 13th February 2019 - Crackdown on Social Media",
    "icon": "https://www.dailymotion.com/thumbnail/video/x72cyop",
    "link": {
      "DailyMotion": "x72cyop"
    }
  },
  {
    "Tag": "SP_Shows",
    "Title": "Off The Record - 13th February 2019 - Kia NRO Ke Liye Koshish Ho Rahi Hai",
    "icon": "https://www.dailymotion.com/thumbnail/video/x72cyfd",
    "link": {
      "DailyMotion": "x72cyfd"
    }
  },
  {
    "Tag": "SP_Shows",
    "Title": "Pas-e-Pardah - 13th February 2019 - Muslim League Noon Ki Hikmat Amli Kya ?",
    "icon": "https://img.youtube.com/vi/FEhn_CNLhFY/hqdefault.jpg",
    "link": {
      "Youtube": "FEhn_CNLhFY"
    }
  },
  {
    "Tag": "SP_Shows",
    "Title": "Nadeem Malik Live – 13th February 2019 - Drugs in Educational Institutes",
    "icon": "https://www.dailymotion.com/thumbnail/video/x72cy5g",
    "link": {
      "DailyMotion": "x72cy5g"
    }
  },
  {
    "Tag": "SP_Shows",
    "Title": "Sawal Amber Shamsi Kay Sath - 13th February 2019 - Public Views About PTI Govt",
    "icon": "https://www.dailymotion.com/thumbnail/video/x72cx82",
    "link": {
      "DailyMotion": "x72cx82"
    }
  },
  {
    "Tag": "SP_Shows",
    "Title": "Tajzia Sami Ibrahim Kay Sath – 12th February 2019 - Current Issues",
    "icon": "https://www.dailymotion.com/thumbnail/video/x72cxhd",
    "link": {
      "DailyMotion": "x72cxhd"
    }
  },
  {
    "Tag": "SP_Shows",
    "Title": "Khabr Garm Hai – 13th February 2019 - PTI Govt Performance",
    "icon": "https://img.youtube.com/vi/3c_wEYXn2eQ/hqdefault.jpg",
    "link": {
      "Youtube": "3c_wEYXn2eQ"
    }
  },
  {
    "Tag": "SP_Shows",
    "Title": "News Wise – 13th February 2019 - Military Courts, Still Necessary?",
    "icon": "https://www.dailymotion.com/thumbnail/video/x72cx4e",
    "link": {
      "DailyMotion": "x72cx4e"
    }
  },
  {
    "Tag": "SP_Shows",
    "Title": "Hum Sub – 13th February 2019 - What Saudia wants From Pakistan in Return",
    "icon": "https://www.dailymotion.com/thumbnail/video/x72cwry",
    "link": {
      "DailyMotion": "x72cwry"
    }
  },
  {
    "Tag": "SP_Shows",
    "Title": "Faisla Aap Ka – 13th February 2019 - PAC Chairmanship Issue",
    "icon": "https://www.dailymotion.com/thumbnail/video/x72cwqf",
    "link": {
      "DailyMotion": "x72cwqf"
    }
  },
  {
    "Tag": "SP_Shows",
    "Title": "Seedhi Baat – 13th February 2019 - Saudi Crown Prince Visit to Pakistan",
    "icon": "https://img.youtube.com/vi/4M8gLYR2Cfw/hqdefault.jpg",
    "link": {
      "Youtube": "4M8gLYR2Cfw"
    }
  },
  {
    "Tag": "SP_Shows",
    "Title": "Tabdeeli Ameer Abbas Kay Sath - 13th February 2019 - Crackdown Against Social Media",
    "icon": "https://www.dailymotion.com/thumbnail/video/x72ctax",
    "link": {
      "DailyMotion": "x72ctax"
    }
  },
  {
    "Tag": "SP_Shows",
    "Title": "The Reporters - 13th February 2019 - Saudi Crown Prince Visit to Pakistan",
    "icon": "https://www.dailymotion.com/thumbnail/video/x72cts6",
    "link": {
      "DailyMotion": "x72cts6"
    }
  },
  {
    "Tag": "SP_Shows",
    "Title": "Live With Dr. Shahid Masood - 13th February 2019 - Government To Crackdown On Hate Speech On Social Media",
    "icon": "https://img.youtube.com/vi/VqqMjnKD8lU/hqdefault.jpg",
    "link": {
      "DailyMotion": "x72cwwq",
      "Youtube": "VqqMjnKD8lU"
    }
  },
  {
    "Tag": "SP_Shows",
    "Title": "Express Experts - 13th February 2019 - Saudi Arab's Investment in Pakistan",
    "icon": "https://www.dailymotion.com/thumbnail/video/x72csjk",
    "link": {
      "DailyMotion": "x72csjk"
    }
  },
  {
    "Tag": "SP_Shows",
    "Title": "Mumkin – 13th February 2019 - PTI Govt's Six Months Performance",
    "icon": "https://www.dailymotion.com/thumbnail/video/x72csid",
    "link": {
      "DailyMotion": "x72csid"
    }
  },
  {
    "Tag": "SP_Shows",
    "Title": "Ho Kya Raha Hai – 13th February 2019 - Special Talk With Khursheed Mehmood Kasuri",
    "icon": "https://www.dailymotion.com/thumbnail/video/x72cs4r",
    "link": {
      "DailyMotion": "x72cs4r"
    }
  },
  {
    "Tag": "SP_Shows",
    "Title": "Benaqaab – 13th February 2019 - NAB Investigations Against Fawad Hassan Fawad",
    "icon": "https://www.dailymotion.com/thumbnail/video/x72cs0q",
    "link": {
      "DailyMotion": "x72cs0q"
    }
  },
  {
    "Tag": "SP_Shows",
    "Title": "News Center – 13th February 2019 - Saudi Crown Prince Going To Visit Pakistan",
    "icon": "https://www.dailymotion.com/thumbnail/video/x72cs0h",
    "link": {
      "DailyMotion": "x72cs0h"
    }
  },
  {
    "Tag": "SP_Shows",
    "Title": "Defence Matters – 13th February 2019 - Saudi Crown Prince Visit to Pakistan",
    "icon": "https://www.dailymotion.com/thumbnail/video/x72crq2",
    "link": {
      "DailyMotion": "x72crq2"
    }
  },
  {
    "Tag": "SP_Shows",
    "Title": "Harf e Raz with Orya Maqbol Jan - 12th February 2019 - Saudi Prince's Visit",
    "icon": "https://img.youtube.com/vi/4h5QahQWwPE/hqdefault.jpg",
    "link": {
      "Youtube": "4h5QahQWwPE"
    }
  },
  {
    "Tag": "SP_Shows",
    "Title": "Power Play - 12th February 2019 - Crown Prince Visit to Pakistan",
    "icon": "https://www.dailymotion.com/thumbnail/video/x72b6ur",
    "link": {
      "DailyMotion": "x72b6ur"
    }
  },
  {
    "Tag": "SP_Shows",
    "Title": "Dunya Kamran Khan Kay Sath - 12th February 2019 - Health Issues In Karachi",
    "icon": "https://img.youtube.com/vi/fU1Cz87Kcdg/hqdefault.jpg",
    "link": {
      "Youtube": "fU1Cz87Kcdg"
    }
  },
  {
    "Tag": "SP_Shows",
    "Title": "Muqabil – 12th February 2019 - Discussion on Current Issues",
    "icon": "https://www.dailymotion.com/thumbnail/video/x72b6by",
    "link": {
      "DailyMotion": "x72b6by"
    }
  },
  {
    "Tag": "SP_Shows",
    "Title": "Kal Tak - 12th February 2019 - IMF, Saudi Prince Visit, Other Issues",
    "icon": "https://www.dailymotion.com/thumbnail/video/x72b6th",
    "link": {
      "DailyMotion": "x72b6th"
    }
  },
  {
    "Tag": "SP_Shows",
    "Title": "Live With Moeed Pirzada – 12th February 2019 - PAC, IMF, Other Issues",
    "icon": "https://www.dailymotion.com/thumbnail/video/x72b6hu",
    "link": {
      "DailyMotion": "x72b6hu"
    }
  },
  {
    "Tag": "SP_Shows",
    "Title": "News Eye – 12th February 2019 - NRO Ki Baazgasht Jaari",
    "icon": "https://www.dailymotion.com/thumbnail/video/x72b61x",
    "link": {
      "DailyMotion": "x72b61x"
    }
  },
  {
    "Tag": "SP_Shows",
    "Title": "Ikhtilaf Rai – 12th February 2019 - Hajj Policy 2019",
    "icon": "https://img.youtube.com/vi/alKVWJsads8/hqdefault.jpg",
    "link": {
      "Youtube": "alKVWJsads8"
    }
  },
  {
    "Tag": "SP_Shows",
    "Title": "Aamne Saamne – 12th February 2019 - Pakistan IMF Ke Dar Par",
    "icon": "https://www.dailymotion.com/thumbnail/video/x72b5w6",
    "link": {
      "DailyMotion": "x72b5w6"
    }
  },
  {
    "Tag": "SP_Shows",
    "Title": "Spot Light – 12th February 2019 - Governor Punjab Chaudhry Sarwar Exclusive Interview",
    "icon": "https://www.dailymotion.com/thumbnail/video/x72b5uq",
    "link": {
      "DailyMotion": "x72b5uq"
    }
  },
  {
    "Tag": "SP_Shows",
    "Title": "Cross Check With OT – 12th February 2019 - Will Shahbaz Sharif Be Removed From PAC",
    "icon": "https://img.youtube.com/vi/2UM_CUXYZ8g/hqdefault.jpg",
    "link": {
      "Youtube": "2UM_CUXYZ8g"
    }
  },
  {
    "Tag": "SP_Shows",
    "Title": "Nadeem Malik Live - 12th February 2019 - IMF Deal, PAC Issue",
    "icon": "https://www.dailymotion.com/thumbnail/video/x72b1my",
    "link": {
      "DailyMotion": "x72b1my"
    }
  },
  {
    "Tag": "SP_Shows",
    "Title": "Off The Record - 12th February 2019 - IMF Se Deal Khufia Kyun?",
    "icon": "https://www.dailymotion.com/thumbnail/video/x72b1iw",
    "link": {
      "DailyMotion": "x72b1iw"
    }
  },
  {
    "Tag": "SP_Shows",
    "Title": "On The Front with Kamran Shahid - 12th February 2019 - Exclusive Talk with Sheikh Rasheed",
    "icon": "https://img.youtube.com/vi/wPfM_vyOCXE/hqdefault.jpg",
    "link": {
      "Youtube": "wPfM_vyOCXE"
    }
  },
  {
    "Tag": "SP_Shows",
    "Title": "News Center – 12th February 2019 - What MQM Wants From Govt",
    "icon": "https://www.dailymotion.com/thumbnail/video/x72b1cp",
    "link": {
      "DailyMotion": "x72b1cp"
    }
  },
  {
    "Tag": "SP_Shows",
    "Title": "Hum Sub – 12th February 2019 - Arshad Ranjhani Qatal",
    "icon": "https://www.dailymotion.com/thumbnail/video/x72b1pj",
    "link": {
      "DailyMotion": "x72b1pj"
    }
  },
  {
    "Tag": "SP_Shows",
    "Title": "G For Gharida – 12th February 2019 - Shaukat Yousafzai's Arrest Warrants",
    "icon": "https://www.dailymotion.com/thumbnail/video/x72b1kj",
    "link": {
      "DailyMotion": "x72b1kj"
    }
  },
  {
    "Tag": "SP_Shows",
    "Title": "Takrar - 12th February 2019 - Saudi Crown Prince Visit to Pakistan",
    "icon": "https://www.dailymotion.com/thumbnail/video/x72b1es",
    "link": {
      "DailyMotion": "x72b1es"
    }
  },
  {
    "Tag": "SP_Shows",
    "Title": "Tajzia Sami Ibrahim Kay Sath - 12th February 2019 - Visas Not Being Issued to Journalists",
    "icon": "https://www.dailymotion.com/thumbnail/video/x72b19r",
    "link": {
      "DailyMotion": "x72b19r"
    }
  },
  {
    "Tag": "SP_Shows",
    "Title": "92 at 8 – 12th February 2019 - Pakistan's Economical Condition",
    "icon": "https://www.dailymotion.com/thumbnail/video/x72b1dk",
    "link": {
      "DailyMotion": "x72b1dk"
    }
  },
  {
    "Tag": "SP_Shows",
    "Title": "Faisla Aap Ka – 12th February 2019 - Saudi Investment, A Big Achievement?",
    "icon": "https://www.dailymotion.com/thumbnail/video/x72b183",
    "link": {
      "DailyMotion": "x72b183"
    }
  },
  {
    "Tag": "SP_Shows",
    "Title": "Tonight With Fareeha – 12th February 2019 - Shahbaz Sharif PAC Issue",
    "icon": "https://www.dailymotion.com/thumbnail/video/x72b19m",
    "link": {
      "DailyMotion": "x72b19m"
    }
  },
  {
    "Tag": "SP_Shows",
    "Title": "News Wise – 12th February 2019 - Kia Is Baar NRO Ka Khadsha Hai?",
    "icon": "https://www.dailymotion.com/thumbnail/video/x72b1al",
    "link": {
      "DailyMotion": "x72b1al"
    }
  },
  {
    "Tag": "SP_Shows",
    "Title": "Khabr Garm Hai – 12th February 2019 - Internal Differences of PTI Ministers",
    "icon": "https://img.youtube.com/vi/98rb0xih4hk/hqdefault.jpg",
    "link": {
      "Youtube": "98rb0xih4hk"
    }
  },
  {
    "Tag": "SP_Shows",
    "Title": "Seedhi Baat – 12th February 2019 - IMF Deal, NRO, Other Issues",
    "icon": "https://img.youtube.com/vi/SZhAf5Ix5vg/hqdefault.jpg",
    "link": {
      "Youtube": "SZhAf5Ix5vg"
    }
  },
  {
    "Tag": "SP_Shows",
    "Title": "Sawal Amber Shamsi Kay Sath - 12th February 2019 - Asghar Khan Case, Other Issues",
    "icon": "https://www.dailymotion.com/thumbnail/video/x72b0pq",
    "link": {
      "DailyMotion": "x72b0pq"
    }
  },
  {
    "Tag": "SP_Shows",
    "Title": "Tabdeeli Ameer Abbas Kay Sath - 12th February 2019 - Current Issues",
    "icon": "https://www.dailymotion.com/thumbnail/video/x72ayx2",
    "link": {
      "DailyMotion": "x72ayx2"
    }
  },
  {
    "Tag": "SP_Shows",
    "Title": "The Reporters - 12th February 2019 - Who Will Lead PMLN After Nawaz Sharif",
    "icon": "https://www.dailymotion.com/thumbnail/video/x72ayix",
    "link": {
      "DailyMotion": "x72ayix"
    }
  },
  {
    "Tag": "SP_Shows",
    "Title": "Live With Dr. Shahid Masood - 12th February 2019 - Mohammad Bin Salman’s Pakistan Visit , Former Army Chief Raheel Sharif Meets PM Imran Khan",
    "icon": "https://img.youtube.com/vi/IZTHaA3syis/hqdefault.jpg",
    "link": {
      "DailyMotion": "x72b0lu",
      "Youtube": "IZTHaA3syis"
    }
  },
  {
    "Tag": "SP_Shows",
    "Title": "Express Experts - 12th February 2019 - Imran Khan's Big Achievement",
    "icon": "https://www.dailymotion.com/thumbnail/video/x72ayfj",
    "link": {
      "DailyMotion": "x72ayfj"
    }
  },
  {
    "Tag": "SP_Shows",
    "Title": "Ho kay Raha Hai - 12th February 2019 - Rana Sanaullah Threats To Demolish Punjab Govt",
    "icon": "https://www.dailymotion.com/thumbnail/video/x72ay7s",
    "link": {
      "DailyMotion": "x72ay7s"
    }
  },
  {
    "Tag": "SP_Shows",
    "Title": "News Eye – 11th February 2019 - Irshad Ranjhani Ka Qatil Kaun?",
    "icon": "https://www.dailymotion.com/thumbnail/video/x728p2w",
    "link": {
      "DailyMotion": "x728p2w"
    }
  },
  {
    "Tag": "SP_Shows",
    "Title": "Power Play - 11th February 2019 - Will Govt Take Public In Confidence on IMF Program",
    "icon": "https://www.dailymotion.com/thumbnail/video/x728ron",
    "link": {
      "DailyMotion": "x728ron"
    }
  },
  {
    "Tag": "SP_Shows",
    "Title": "Kal Tak with Javed Chaudhry - 11th February 2019 - IMF Se Muahida",
    "icon": "https://www.dailymotion.com/thumbnail/video/x728q36",
    "link": {
      "DailyMotion": "x728q36"
    }
  },
  {
    "Tag": "SP_Shows",
    "Title": "Tonight with Moeed Pirzada - 11th February 2019 - IMF Program",
    "icon": "https://www.dailymotion.com/thumbnail/video/x728pkv",
    "link": {
      "DailyMotion": "x728pkv"
    }
  },
  {
    "Tag": "SP_Shows",
    "Title": "Muqabil – 11th February 2019 - Imran Khan And IMF",
    "icon": "https://www.dailymotion.com/thumbnail/video/x728pcl",
    "link": {
      "DailyMotion": "x728pcl"
    }
  },
  {
    "Tag": "SP_Shows",
    "Title": "Cross Check With OT – 11th February 2019 - Sheikh Rasheed Exclusive Interview",
    "icon": "https://img.youtube.com/vi/gU3vBTpXnBs/hqdefault.jpg",
    "link": {
      "Youtube": "gU3vBTpXnBs"
    }
  },
  {
    "Tag": "SP_Shows",
    "Title": "Aamne Saamne – 11th February 2019 - Pakistan's Deal with IMF",
    "icon": "https://www.dailymotion.com/thumbnail/video/x728pca",
    "link": {
      "DailyMotion": "x728pca"
    }
  },
  {
    "Tag": "SP_Shows",
    "Title": "Spot Light – 11th February 2019 - Protection of Children Rights",
    "icon": "https://www.dailymotion.com/thumbnail/video/x728ouj",
    "link": {
      "DailyMotion": "x728ouj"
    }
  },
  {
    "Tag": "SP_Shows",
    "Title": "Ikhtilaf Rai – 11th February 2019 - PAC Chairmanship Issue",
    "icon": "https://img.youtube.com/vi/pbFuI_Ae65g/hqdefault.jpg",
    "link": {
      "Youtube": "pbFuI_Ae65g"
    }
  },
  {
    "Tag": "SP_Shows",
    "Title": "G For Gharida – 11th February 2019 - Kia Awam Ko Sab Bataya Jaye Ga",
    "icon": "https://www.dailymotion.com/thumbnail/video/x728lhf",
    "link": {
      "DailyMotion": "x728lhf"
    }
  },
  {
    "Tag": "SP_Shows",
    "Title": "Sawal Amber Shamsi Kay Sath - 11th February 2019 - Deal Ya NRO?",
    "icon": "https://www.dailymotion.com/thumbnail/video/x728grh",
    "link": {
      "DailyMotion": "x728grh"
    }
  },
  {
    "Tag": "SP_Shows",
    "Title": "News Center – 11th February 2019 - Imran Khan Not Happy With NA Speaker",
    "icon": "https://www.dailymotion.com/thumbnail/video/x728l3c",
    "link": {
      "DailyMotion": "x728l3c"
    }
  },
  {
    "Tag": "SP_Shows",
    "Title": "Off The Record - 11th February 2019 - NRO Ki Gounj UAE Main Bi",
    "icon": "https://www.dailymotion.com/thumbnail/video/x728h0x",
    "link": {
      "DailyMotion": "x728h0x"
    }
  },
  {
    "Tag": "SP_SC",
    "Title": "No Pitbull today for the opening ceremony of @thePSLt20 . #PSL4 #PSLt20",
    "icon": "https://www.dailymotion.com/thumbnail/video/x72dsrc",
    "link": {
      "DailyMotion": "x72dsrc"
    }
  },
  {
    "Tag": "SP_SC",
    "Title": "PCB Chairman Ehsan Mani and MD PCB Waseem Khan press conference",
    "icon": "https://img.youtube.com/vi/YAX99_ziWSg/hqdefault.jpg",
    "link": {
      "Youtube": "YAX99_ziWSg"
    }
  },
  {
    "Tag": "SP_SC",
    "Title": "Skiers from over 40 countries visited Pakistan for a Skiing competition",
    "icon": "https://img.youtube.com/vi/ICUXcJujPuc/hqdefault.jpg",
    "link": {
      "Youtube": "ICUXcJujPuc"
    }
  },
  {
    "Tag": "SP_SC",
    "Title": "Sarfraz Ahmed is a great Captain - Mickey Arthur Press Conference",
    "icon": "https://img.youtube.com/vi/5If98n2KZ9c/hqdefault.jpg",
    "link": {
      "Youtube": "5If98n2KZ9c"
    }
  },
  {
    "Tag": "SP_SC",
    "Title": "Chairman PCB, Mr. Ehsan Mani and Captain Sarfaraz Ahmed press conference",
    "icon": "http://www.siasat.pk",
    "link": {
      "DailyMotion": "x71vlxw",
      "Youtube": "bNJgddhfghc"
    }
  },
  {
    "Tag": "SP_SC",
    "Title": "Sarfaraz Ahmed to continue as Pakistan captain for world cup | Sarfraz Ahmed and Ehsan Mani Combine Press Conference",
    "icon": "https://img.youtube.com/vi/bNJgddhfghc/hqdefault.jpg",
    "link": {
      "DailyMotion": "x71vlxw",
      "Youtube": "bNJgddhfghc"
    }
  },
  {
    "Tag": "SP_SC",
    "Title": "Virat Kohli reminds me of Imran Khan - Ravi Shastri",
    "icon": "https://img.youtube.com/vi/p7VqI0Gmb1I/hqdefault.jpg",
    "link": {
      "Youtube": "p7VqI0Gmb1I"
    }
  },
  {
    "Tag": "SP_SC",
    "Title": "DG ISPR Asif Ghafoor meets Peshawar Zalmi captain Darren Sammy",
    "icon": "https://img.youtube.com/vi/AfkQKikJ2Gw/hqdefault.jpg",
    "link": {
      "Youtube": "AfkQKikJ2Gw"
    }
  },
  {
    "Tag": "SP_SC",
    "Title": "سرفراز احمد کو ورلڈکپ 2019 تک کپتان مقرر کرنے کا فیصلہ",
    "icon": "http://www.siasat.pk",
    "link": {
      "DailyMotion": "x71vlxw",
      "Youtube": "bNJgddhfghc"
    }
  },
  {
    "Tag": "SP_SC",
    "Title": "Darren Sammy presented with a traditional gift of Peshawari Chappal",
    "icon": "https://www.dailymotion.com/thumbnail/video/x71vln6",
    "link": {
      "DailyMotion": "x71vln6"
    }
  },
  {
    "Tag": "SP_SC",
    "Title": "Mohammad Asif was the best international fast bowler I ever faced - Hashim Amla",
    "icon": "https://www.dailymotion.com/thumbnail/video/x71in6r",
    "link": {
      "DailyMotion": "x71in6r"
    }
  },
  {
    "Tag": "SP_SC",
    "Title": "Pointed after century against SA due to mental stress - Imam-ul-Haq",
    "icon": "https://www.dailymotion.com/thumbnail/video/x71oaqs",
    "link": {
      "DailyMotion": "x71oaqs"
    }
  },
  {
    "Tag": "SP_SC",
    "Title": "Sarfraz Ahmed termed Shoaib Akhtar's criticism as a 'personal attack'",
    "icon": "https://www.dailymotion.com/thumbnail/video/x71icqj",
    "link": {
      "DailyMotion": "x71icqj"
    }
  },
  {
    "Tag": "SP_SC",
    "Title": "Shoaib Malik In Pre Match Presser. 5TH ODI",
    "icon": "https://img.youtube.com/vi/uG2CJWvYzjE/hqdefault.jpg",
    "link": {
      "Youtube": "uG2CJWvYzjE"
    }
  },
  {
    "Tag": "SP_SC",
    "Title": "ICC Announces Schedule For T20 Cricket World Cup 2020",
    "icon": "https://img.youtube.com/vi/hOc9DRc0GHE/hqdefault.jpg",
    "link": {
      "DailyMotion": "x71h6o9",
      "Youtube": "hOc9DRc0GHE"
    }
  },
  {
    "Tag": "SP_SC",
    "Title": "Imam-ul-Haq is a COWARD, says Arthur",
    "icon": "https://img.youtube.com/vi/DRjWm7iZ7RI/hqdefault.jpg",
    "link": {
      "Youtube": "DRjWm7iZ7RI"
    }
  },
  {
    "Tag": "SP_SC",
    "Title": "Karachi: Women cricket team played practice match with men's team",
    "icon": "https://www.dailymotion.com/thumbnail/video/x71eqyv",
    "link": {
      "DailyMotion": "x71eqyv"
    }
  },
  {
    "Tag": "SP_SC",
    "Title": "England fast bowler Darren Gough on Waqar Younis and Wasim Akram",
    "icon": "https://www.dailymotion.com/thumbnail/video/x71ecf5",
    "link": {
      "DailyMotion": "x71ecf5",
      "Facebook": "2182789762034977"
    }
  },
  {
    "Tag": "SP_SC",
    "Title": "پاکستان بمقابلہ جنوبی افریقہ -  چوتھےون ڈے کی ہائی لائٹس",
    "icon": "https://img.youtube.com/vi/EaNeDK_1d9g/hqdefault.jpg",
    "link": {
      "Youtube": "EaNeDK_1d9g"
    }
  },
  {
    "Tag": "SP_SC",
    "Title": "پاکستانی بالرز نے ساؤتھ افریقہ کی پوری ٹیم کو 164 رنز پر ڈ ھیر کر دیا",
    "icon": "https://img.youtube.com/vi/j861g2Htvk8/hqdefault.jpg",
    "link": {
      "Youtube": "j861g2Htvk8",
      "Facebook": "748142835563675"
    }
  },
  {
    "Tag": "SP_SC",
    "Title": "Wasim Akram recalls sledging incidents from his playing days",
    "icon": "http://www.siasat.pk/forums/threads/wasim-akram-recalls-sledging-incidents-from-his-playing-days.672307/preview",
    "link": {
      "Facebook": "399012687536088"
    }
  },
  {
    "Tag": "SP_SC",
    "Title": "Pakistan Beat South Africa By 8 Wickets, Series Level 2-2",
    "icon": "https://img.youtube.com/vi/Cgp8mfxytjE/hqdefault.jpg",
    "link": {
      "Youtube": "Cgp8mfxytjE"
    }
  },
  {
    "Tag": "SP_SC",
    "Title": "Tit for tat for Imam Ul Haq from crowd",
    "icon": "https://img.youtube.com/vi/pKB8m7kyH3A/hqdefault.jpg",
    "link": {
      "Youtube": "pKB8m7kyH3A"
    }
  },
  {
    "Tag": "SP_SC",
    "Title": "Worst decision ever!!!",
    "icon": "https://img.youtube.com/vi/CLpxMSoEIYI/hqdefault.jpg",
    "link": {
      "Youtube": "CLpxMSoEIYI"
    }
  },
  {
    "Tag": "SP_SC",
    "Title": "Listen Story of Kalu Khan death, the labour who lost his life during work in National Stadium Karachi, even PCB  didn’t issue any",
    "icon": "https://www.dailymotion.com/thumbnail/video/x71acbo",
    "link": {
      "DailyMotion": "x71acbo"
    }
  },
  {
    "Tag": "SP_SC",
    "Title": "Sarfraz apologies to Andile Phehlukwayo in-person for racial comment",
    "icon": "https://img.youtube.com/vi/33VP61-mKYQ/hqdefault.jpg",
    "link": {
      "DailyMotion": "x719z7p",
      "Youtube": "33VP61-mKYQ"
    }
  },
  {
    "Tag": "SP_SC",
    "Title": "Sarfraz in hot waters after passing racist taunts at SA’s Phehlukwayo",
    "icon": "https://img.youtube.com/vi/5J1UBYSMGDI/hqdefault.jpg",
    "link": {
      "Youtube": "5J1UBYSMGDI"
    }
  },
  {
    "Tag": "SP_SC",
    "Title": "Shoaib Akhtar Slams Sarfraz Ahmed For His Racist Remarks",
    "icon": "https://img.youtube.com/vi/hwjNZ4BaBbI/hqdefault.jpg",
    "link": {
      "DailyMotion": "x714po9",
      "Youtube": "hwjNZ4BaBbI"
    }
  },
  {
    "Tag": "SP_SC",
    "Title": "Shoaib Akhtar slams Sarfraz Ahmed for his racist remarks against South Africa's player",
    "icon": "http://www.siasat.pk",
    "link": {
      "DailyMotion": "x714po9",
      "Youtube": "hwjNZ4BaBbI"
    }
  },
  {
    "Tag": "SP_SC",
    "Title": "Ronaldo pays penalty: Cristiano accepts 2-year prison term & €19m fine for Tax fraud",
    "icon": "https://img.youtube.com/vi/nOWkZ7jXMJE/hqdefault.jpg",
    "link": {
      "Youtube": "nOWkZ7jXMJE"
    }
  },
  {
    "Tag": "SP_SC",
    "Title": "Imam ul Haq is exceptional!",
    "icon": "https://img.youtube.com/vi/gGkn7gwCPFQ/hqdefault.jpg",
    "link": {
      "Youtube": "gGkn7gwCPFQ"
    }
  },
  {
    "Tag": "SP_SC",
    "Title": "PSL 2019 anthem sung by Fawad Khan is out",
    "icon": "https://img.youtube.com/vi/Xr_IZbEk8Y8/hqdefault.jpg",
    "link": {
      "Youtube": "Xr_IZbEk8Y8"
    }
  },
  {
    "Tag": "SP_SC",
    "Title": "Star South African cricketer AB De Villiers announces to play in Pakistan after 12 years",
    "icon": "https://img.youtube.com/vi/loc2Ak9g2pE/hqdefault.jpg",
    "link": {
      "Youtube": "loc2Ak9g2pE"
    }
  },
  {
    "Tag": "SP_SC",
    "Title": "Brazilian sports star Ricardo Kaka with Rehman Azhar",
    "icon": "http://www.siasat.pk/forums/threads/brazilian-sports-star-ricardo-kaka-with-rehman-azhar.669947/preview",
    "link": {
      "Facebook": "306854213268372"
    }
  },
  {
    "Tag": "SP_SC",
    "Title": "BCCI suspend Pandya, Rahul over 'inappropriate' comments on women",
    "icon": "https://www.dailymotion.com/thumbnail/video/x70gt0g",
    "link": {
      "DailyMotion": "x70gt0g"
    }
  },
  {
    "Tag": "SP_SC",
    "Title": "Pakistan's Fastest Girl (2), Slap on moombatee mafia.",
    "icon": "https://img.youtube.com/vi/STU4zZziauE/hqdefault.jpg",
    "link": {
      "Youtube": "STU4zZziauE"
    }
  },
  {
    "Tag": "SP_SC",
    "Title": "Good news for cricket fans, Aaron Finch and Usman Khawaja willing to play in Pakistan",
    "icon": "https://img.youtube.com/vi/PiWCUHbZbJ0/hqdefault.jpg",
    "link": {
      "Youtube": "PiWCUHbZbJ0"
    }
  },
  {
    "Tag": "SP_SC",
    "Title": "Interview with Sahib-E-Asra: Pakistan's fastest female athlete, daughter of an Imam",
    "icon": "https://img.youtube.com/vi/iRF2nYrHSX8/hqdefault.jpg",
    "link": {
      "Youtube": "iRF2nYrHSX8"
    }
  },
  {
    "Tag": "SP_SC",
    "Title": "Kaka and Figo arrive in Pakistan to launch World Soccer Stars",
    "icon": "https://img.youtube.com/vi/Dh-EFtELpcU/hqdefault.jpg",
    "link": {
      "Youtube": "Dh-EFtELpcU"
    }
  },
  {
    "Tag": "SP_SC",
    "Title": "Cricket | The differences between Australia and India",
    "icon": "https://img.youtube.com/vi/tkjIZrFs6lQ/hqdefault.jpg",
    "link": {
      "Youtube": "tkjIZrFs6lQ"
    }
  },
  {
    "Tag": "SP_SC",
    "Title": "Hilarious Cricket | 6 runs needed off 1 ball and the team scored it with 1 ball to spare",
    "icon": "https://img.youtube.com/vi/MOsNbWLZifQ/hqdefault.jpg",
    "link": {
      "Youtube": "MOsNbWLZifQ"
    }
  },
  {
    "Tag": "SP_SC",
    "Title": "Muhammad Waseem’s ‘honest’ pitch report is hilariously accurate",
    "icon": "https://www.dailymotion.com/thumbnail/video/x70by0i",
    "link": {
      "DailyMotion": "x70by0i",
      "Facebook": "2191837897752543"
    }
  },
  {
    "Tag": "SP_SC",
    "Title": "Pakistan batsman Haris Sohail claims he was under spell of black magic in South Africa",
    "icon": "https://www.dailymotion.com/thumbnail/video/x708cbe",
    "link": {
      "DailyMotion": "x708cbe"
    }
  },
  {
    "Tag": "SP_SC",
    "Title": "Sarfraz Ahmed should be given some time for test captaincy - Waseem Akram",
    "icon": "https://img.youtube.com/vi/f8qxnzIJ-9E/hqdefault.jpg",
    "link": {
      "Youtube": "f8qxnzIJ-9E"
    }
  },
  {
    "Tag": "SP_SC",
    "Title": "Amir snapping the stump in half #SAvPAK",
    "icon": "https://www.dailymotion.com/thumbnail/video/x703nhi",
    "link": {
      "DailyMotion": "x703nhi"
    }
  },
  {
    "Tag": "SP_SC",
    "Title": "PSL4: Imad Wasim to lead Karachi Kings",
    "icon": "https://www.dailymotion.com/thumbnail/video/x7022ob",
    "link": {
      "DailyMotion": "x7022ob"
    }
  },
  {
    "Tag": "SP_SC",
    "Title": "Umar Akmal Ko Nishan-e-Ibrat Banana Hai - Haroon Rasheed says about Umar Akmal",
    "icon": "https://img.youtube.com/vi/1sXFwxSD7f4/hqdefault.jpg",
    "link": {
      "Youtube": "1sXFwxSD7f4"
    }
  },
  {
    "Tag": "SP_SC",
    "Title": "Inzamam Ul Haq nay konsa Legend Wala Kaam Kia hai ? Live show mein Larae",
    "icon": "https://img.youtube.com/vi/UuPzmxxeGZg/hqdefault.jpg",
    "link": {
      "Youtube": "UuPzmxxeGZg"
    }
  },
  {
    "Tag": "SP_SC",
    "Title": "Shahid Afridi Nay Meri Selection Rukwai, Salman Butt Shocking Interview",
    "icon": "https://img.youtube.com/vi/_DQb4uPXGaw/hqdefault.jpg",
    "link": {
      "Youtube": "_DQb4uPXGaw"
    }
  },
  {
    "Tag": "SP_SC",
    "Title": "ICC orders PCB to pay BCCI legal charges of the failed case",
    "icon": "https://img.youtube.com/vi/m0Jz0nnDEcQ/hqdefault.jpg",
    "link": {
      "Youtube": "m0Jz0nnDEcQ"
    }
  },
  {
    "Tag": "SP_SC",
    "Title": "تیسرا ٹی 20؛ بنگلہ دیشی امپائر نے بے ایمانی کی انتہا کر دی لیکن پھر بھی جیت نہ سکے",
    "icon": "https://img.youtube.com/vi/nXJHHGxFB3o/hqdefault.jpg",
    "link": {
      "DailyMotion": "x6zetal",
      "Youtube": "nXJHHGxFB3o"
    }
  },
  {
    "Tag": "SP_SC",
    "Title": "Mickey Arthur loses his cool, bashes Sarfaraz, Azhar in dressing room",
    "icon": "https://img.youtube.com/vi/WNoTZXtk1TA/hqdefault.jpg",
    "link": {
      "Youtube": "WNoTZXtk1TA"
    }
  }
]